dmd_type,dmd_id,dmd_name,bnf_code
VMP,407011007,Eplerenone 25mg tablets,0202030X0AAAAAA
AMP,27871911000001103,Eplerenone 25mg tablets,0202030X0AAAAAA
AMP,34934811000001108,Eplerenone 25mg tablets,0202030X0AAAAAA
AMP,29288711000001101,Eplerenone 25mg tablets,0202030X0AAAAAA
AMP,27125211000001104,Eplerenone 25mg tablets,0202030X0AAAAAA
AMP,29951511000001109,Eplerenone 25mg tablets,0202030X0AAAAAA
AMP,35649111000001109,Eplerenone 25mg tablets,0202030X0AAAAAA
AMP,30276911000001108,Eplerenone 25mg tablets,0202030X0AAAAAA
AMP,35651011000001107,Eplerenone 25mg tablets,0202030X0AAAAAA
AMP,30053011000001107,Eplerenone 25mg tablets,0202030X0AAAAAA
AMP,36911511000001107,Eplerenone 25mg tablets,0202030X0AAAAAA
AMP,32406011000001105,Eplerenone 25mg tablets,0202030X0AAAAAA
AMP,37064011000001105,Eplerenone 25mg tablets,0202030X0AAAAAA
AMP,38883911000001101,Eplerenone 25mg tablets,0202030X0AAAAAA
AMP,25559911000001104,Eplerenone 25mg tablets,0202030X0AAAAAA
AMP,36535611000001108,Eplerenone 25mg tablets,0202030X0AAAAAA
AMP,29742211000001109,Eplerenone 25mg tablets,0202030X0AAAAAA
AMP,33597311000001105,Eplerenone 25mg tablets,0202030X0AAAAAA
AMP,36501611000001100,Eplerenone 25mg tablets,0202030X0AAAAAA
AMP,28883711000001104,Eplerenone 25mg tablets,0202030X0AAAAAA
VMP,407012000,Eplerenone 50mg tablets,0202030X0AAABAB
AMP,27872111000001106,Eplerenone 50mg tablets,0202030X0AAABAB
AMP,34935211000001108,Eplerenone 50mg tablets,0202030X0AAABAB
AMP,29289011000001108,Eplerenone 50mg tablets,0202030X0AAABAB
AMP,27125911000001108,Eplerenone 50mg tablets,0202030X0AAABAB
AMP,29951711000001104,Eplerenone 50mg tablets,0202030X0AAABAB
AMP,35649411000001104,Eplerenone 50mg tablets,0202030X0AAABAB
AMP,30277311000001105,Eplerenone 50mg tablets,0202030X0AAABAB
AMP,35651211000001102,Eplerenone 50mg tablets,0202030X0AAABAB
AMP,30053211000001102,Eplerenone 50mg tablets,0202030X0AAABAB
AMP,36911911000001100,Eplerenone 50mg tablets,0202030X0AAABAB
AMP,38884211000001108,Eplerenone 50mg tablets,0202030X0AAABAB
AMP,25560211000001107,Eplerenone 50mg tablets,0202030X0AAABAB
AMP,36535811000001107,Eplerenone 50mg tablets,0202030X0AAABAB
AMP,29742411000001108,Eplerenone 50mg tablets,0202030X0AAABAB
AMP,33596811000001103,Eplerenone 50mg tablets,0202030X0AAABAB
AMP,36501811000001101,Eplerenone 50mg tablets,0202030X0AAABAB
AMP,28883911000001102,Eplerenone 50mg tablets,0202030X0AAABAB
AMP,8477211000001104,Inspra 25mg tablets,0202030X0BBAAAA
AMP,8479811000001106,Inspra 50mg tablets,0202030X0BBABAB
VMP,318186003,Amiodarone 100mg tablets,0203020D0AAAAAA
AMP,754111000001102,Amiodarone 100mg tablets,0203020D0AAAAAA
AMP,18456511000001100,Amiodarone 100mg tablets,0203020D0AAAAAA
AMP,463511000001106,Amiodarone 100mg tablets,0203020D0AAAAAA
AMP,414011000001100,Amiodarone 100mg tablets,0203020D0AAAAAA
AMP,9784111000001101,Amiodarone 100mg tablets,0203020D0AAAAAA
AMP,10377411000001106,Amiodarone 100mg tablets,0203020D0AAAAAA
AMP,36598011000001104,Amiodarone 100mg tablets,0203020D0AAAAAA
AMP,35381011000001105,Amiodarone 100mg tablets,0203020D0AAAAAA
AMP,22588711000001103,Amiodarone 100mg tablets,0203020D0AAAAAA
AMP,10285211000001101,Amiodarone 100mg tablets,0203020D0AAAAAA
AMP,307111000001104,Amiodarone 100mg tablets,0203020D0AAAAAA
AMP,563811000001104,Amiodarone 100mg tablets,0203020D0AAAAAA
AMP,41342711000001106,Amiodarone 100mg tablets,0203020D0AAAAAA
AMP,29991111000001108,Amiodarone 100mg tablets,0203020D0AAAAAA
AMP,38781311000001101,Amiodarone 100mg tablets,0203020D0AAAAAA
AMP,19730911000001104,Amiodarone 100mg tablets,0203020D0AAAAAA
AMP,9752611000001106,Amiodarone 100mg tablets,0203020D0AAAAAA
AMP,17773911000001100,Amiodarone 100mg tablets,0203020D0AAAAAA
AMP,696411000001103,Amiodarone 100mg tablets,0203020D0AAAAAA
AMP,29762511000001101,Amiodarone 100mg tablets,0203020D0AAAAAA
AMP,361411000001102,Amiodarone 100mg tablets,0203020D0AAAAAA
AMP,13739711000001106,Amiodarone 100mg tablets,0203020D0AAAAAA
AMP,865311000001108,Amiodarone 100mg tablets,0203020D0AAAAAA
AMP,21759611000001107,Amiodarone 100mg tablets,0203020D0AAAAAA
AMP,11011000001105,Amiodarone 100mg tablets,0203020D0AAAAAA
VMP,318187007,Amiodarone 200mg tablets,0203020D0AAABAB
AMP,122411000001107,Amiodarone 200mg tablets,0203020D0AAABAB
AMP,18456811000001102,Amiodarone 200mg tablets,0203020D0AAABAB
AMP,522511000001101,Amiodarone 200mg tablets,0203020D0AAABAB
AMP,580011000001103,Amiodarone 200mg tablets,0203020D0AAABAB
AMP,9784311000001104,Amiodarone 200mg tablets,0203020D0AAABAB
AMP,10377811000001108,Amiodarone 200mg tablets,0203020D0AAABAB
AMP,36598411000001108,Amiodarone 200mg tablets,0203020D0AAABAB
AMP,35381211000001100,Amiodarone 200mg tablets,0203020D0AAABAB
AMP,22588911000001101,Amiodarone 200mg tablets,0203020D0AAABAB
AMP,35980911000001107,Amiodarone 200mg tablets,0203020D0AAABAB
AMP,10285711000001108,Amiodarone 200mg tablets,0203020D0AAABAB
AMP,408711000001108,Amiodarone 200mg tablets,0203020D0AAABAB
AMP,137311000001100,Amiodarone 200mg tablets,0203020D0AAABAB
AMP,41342911000001108,Amiodarone 200mg tablets,0203020D0AAABAB
AMP,38781511000001107,Amiodarone 200mg tablets,0203020D0AAABAB
AMP,19731311000001105,Amiodarone 200mg tablets,0203020D0AAABAB
AMP,35135011000001106,Amiodarone 200mg tablets,0203020D0AAABAB
AMP,36692211000001102,Amiodarone 200mg tablets,0203020D0AAABAB
AMP,17774311000001104,Amiodarone 200mg tablets,0203020D0AAABAB
AMP,128811000001106,Amiodarone 200mg tablets,0203020D0AAABAB
AMP,29762911000001108,Amiodarone 200mg tablets,0203020D0AAABAB
AMP,417411000001104,Amiodarone 200mg tablets,0203020D0AAABAB
AMP,13739911000001108,Amiodarone 200mg tablets,0203020D0AAABAB
AMP,21611000001108,Amiodarone 200mg tablets,0203020D0AAABAB
AMP,21759811000001106,Amiodarone 200mg tablets,0203020D0AAABAB
AMP,3307911000001105,Amiodarone 200mg tablets,0203020D0AAABAB
AMP,478411000001109,Amiodarone 200mg tablets,0203020D0AAABAB
VMP,35900911000001106,Amiodarone 150mg/3ml solution for injection ampoules,0203020D0AAADAD
AMP,34748611000001108,Amiodarone 150mg/3ml concentrate for solution for injection ampoules,0203020D0AAADAD
AMP,14597111000001108,Amiodarone 150mg/3ml concentrate for solution for injection ampoules,0203020D0AAADAD
AMP,24120511000001102,Amiodarone 150mg/3ml concentrate for solution for injection ampoules,0203020D0AAADAD
AMP,15148611000001108,Amiodarone 150mg/3ml solution for injection ampoules,0203020D0AAADAD
VMP,8274311000001102,Amiodarone 100mg/5ml oral solution,0203020D0AAAUAU
AMP,8229811000001109,Amiodarone 100mg/5ml oral solution,0203020D0AAAUAU
VMP,8274511000001108,Amiodarone 200mg/5ml oral solution,0203020D0AAAVAV
VMP,8274611000001107,Amiodarone 200mg/5ml oral suspension,0203020D0AAAVAV
AMP,8234511000001105,Amiodarone 200mg/5ml oral solution,0203020D0AAAVAV
AMP,8233111000001103,Amiodarone 200mg/5ml oral suspension,0203020D0AAAVAV
VMP,8275311000001103,Amiodarone 25mg/5ml oral solution,0203020D0AAAWAW
VMP,8275411000001105,Amiodarone 25mg/5ml oral suspension,0203020D0AAAWAW
AMP,8235811000001109,Amiodarone 25mg/5ml oral solution,0203020D0AAAWAW
AMP,8236111000001108,Amiodarone 25mg/5ml oral suspension,0203020D0AAAWAW
VMP,11709011000001107,Amiodarone 125mg/5ml oral solution,0203020D0AAAXAX
VMP,11709111000001108,Amiodarone 125mg/5ml oral suspension,0203020D0AAAXAX
AMP,11671711000001105,Amiodarone 125mg/5ml oral solution,0203020D0AAAXAX
AMP,11671211000001103,Amiodarone 125mg/5ml oral suspension,0203020D0AAAXAX
VMP,8276111000001106,Amiodarone 50mg/5ml oral solution,0203020D0AAAYAY
AMP,8236611000001100,Amiodarone 50mg/5ml oral solution,0203020D0AAAYAY
VMP,8275511000001109,Amiodarone 30mg/5ml oral solution,0203020D0AAAZAZ
VMP,8275711000001104,Amiodarone 30mg/5ml oral suspension,0203020D0AAAZAZ
AMP,8240911000001107,Amiodarone 30mg/5ml oral solution,0203020D0AAAZAZ
AMP,8241411000001108,Amiodarone 30mg/5ml oral suspension,0203020D0AAAZAZ
VMP,11709611000001100,Amiodarone 15mg/5ml oral solution,0203020D0AABDBD
VMP,11709711000001109,Amiodarone 15mg/5ml oral suspension,0203020D0AABDBD
AMP,11674511000001103,Amiodarone 15mg/5ml oral solution,0203020D0AABDBD
AMP,11674111000001107,Amiodarone 15mg/5ml oral suspension,0203020D0AABDBD
VMP,8275011000001101,Amiodarone 250mg/5ml oral solution,0203020D0AABEBE
VMP,8275111000001100,Amiodarone 250mg/5ml oral suspension,0203020D0AABEBE
AMP,8238911000001105,Amiodarone 250mg/5ml oral solution,0203020D0AABEBE
AMP,8239311000001103,Amiodarone 250mg/5ml oral suspension,0203020D0AABEBE
VMP,11710611000001108,Amiodarone 5mg/5ml oral solution,0203020D0AABFBF
VMP,11710711000001104,Amiodarone 5mg/5ml oral suspension,0203020D0AABFBF
AMP,11680811000001101,Amiodarone 5mg/5ml oral solution,0203020D0AABFBF
AMP,11680311000001105,Amiodarone 5mg/5ml oral suspension,0203020D0AABFBF
VMP,11708811000001108,Amiodarone 10mg/5ml oral solution,0203020D0AABGBG
VMP,11708911000001103,Amiodarone 10mg/5ml oral suspension,0203020D0AABGBG
AMP,11670611000001106,Amiodarone 10mg/5ml oral solution,0203020D0AABGBG
AMP,11670011000001104,Amiodarone 10mg/5ml oral suspension,0203020D0AABGBG
VMP,11710411000001105,Amiodarone 500mg/5ml oral solution,0203020D0AABHBH
VMP,11710511000001109,Amiodarone 500mg/5ml oral suspension,0203020D0AABHBH
AMP,11679611000001100,Amiodarone 500mg/5ml oral solution,0203020D0AABHBH
AMP,11679011000001107,Amiodarone 500mg/5ml oral suspension,0203020D0AABHBH
VMP,11710211000001106,Amiodarone 45mg/5ml oral solution,0203020D0AABIBI
VMP,11710311000001103,Amiodarone 45mg/5ml oral suspension,0203020D0AABIBI
AMP,11678511000001105,Amiodarone 45mg/5ml oral solution,0203020D0AABIBI
AMP,11678111000001101,Amiodarone 45mg/5ml oral suspension,0203020D0AABIBI
VMP,8276811000001104,Amiodarone 75mg/5ml oral solution,0203020D0AABJBJ
VMP,8276911000001109,Amiodarone 75mg/5ml oral suspension,0203020D0AABJBJ
AMP,8237811000001104,Amiodarone 75mg/5ml oral solution,0203020D0AABJBJ
AMP,8238111000001107,Amiodarone 75mg/5ml oral suspension,0203020D0AABJBJ
VMP,8274711000001103,Amiodarone 20mg/5ml oral solution,0203020D0AABKBK
VMP,8274911000001101,Amiodarone 20mg/5ml oral suspension,0203020D0AABKBK
AMP,8233411000001108,Amiodarone 20mg/5ml oral solution,0203020D0AABKBK
AMP,8234411000001106,Amiodarone 20mg/5ml oral suspension,0203020D0AABKBK
VMP,11709211000001102,Amiodarone 150mg/5ml oral solution,0203020D0AABLBL
VMP,11709311000001105,Amiodarone 150mg/5ml oral suspension,0203020D0AABLBL
AMP,11672711000001103,Amiodarone 150mg/5ml oral solution,0203020D0AABLBL
AMP,11672111000001104,Amiodarone 150mg/5ml oral suspension,0203020D0AABLBL
VMP,11711011000001105,Amiodarone 80mg/5ml oral solution,0203020D0AABQBQ
VMP,11711111000001106,Amiodarone 80mg/5ml oral suspension,0203020D0AABQBQ
AMP,11682011000001106,Amiodarone 80mg/5ml oral solution,0203020D0AABQBQ
AMP,11681711000001101,Amiodarone 80mg/5ml oral suspension,0203020D0AABQBQ
VMP,11710811000001107,Amiodarone 65mg/5ml oral solution,0203020D0AABRBR
VMP,11710911000001102,Amiodarone 65mg/5ml oral suspension,0203020D0AABRBR
AMP,11681411000001107,Amiodarone 65mg/5ml oral solution,0203020D0AABRBR
AMP,11681111000001102,Amiodarone 65mg/5ml oral suspension,0203020D0AABRBR
VMP,11710011000001101,Amiodarone 35mg/5ml oral solution,0203020D0AABSBS
VMP,11710111000001100,Amiodarone 35mg/5ml oral suspension,0203020D0AABSBS
AMP,11677611000001105,Amiodarone 35mg/5ml oral solution,0203020D0AABSBS
AMP,11677011000001103,Amiodarone 35mg/5ml oral suspension,0203020D0AABSBS
VMP,35901011000001103,Amiodarone 300mg/10ml solution for injection pre-filled syringes,0203020D0AABVBV
AMP,4966911000001102,Amiodarone 300mg/10ml solution for injection pre-filled syringes,0203020D0AABVBV
AMP,40716611000001102,Amiodarone 300mg/10ml solution for injection pre-filled syringes,0203020D0AABVBV
AMP,33566711000001108,Amiodarone 300mg/10ml solution for injection pre-filled syringes,0203020D0AABVBV
AMP,4967111000001102,Amiodarone 300mg/10ml solution for injection pre-filled syringes,0203020D0AABVBV
VMP,11709811000001101,Amiodarone 22mg/5ml oral solution,0203020D0AABYBY
VMP,11709911000001106,Amiodarone 22mg/5ml oral suspension,0203020D0AABYBY
AMP,11676511000001109,Amiodarone 22mg/5ml oral solution,0203020D0AABYBY
AMP,11675911000001109,Amiodarone 22mg/5ml oral suspension,0203020D0AABYBY
VMP,11709411000001103,Amiodarone 155mg/5ml oral solution,0203020D0AACACA
VMP,11709511000001104,Amiodarone 155mg/5ml oral suspension,0203020D0AACACA
AMP,11673711000001106,Amiodarone 155mg/5ml oral solution,0203020D0AACACA
AMP,11673211000001104,Amiodarone 155mg/5ml oral suspension,0203020D0AACACA
VMP,8277011000001108,Amiodarone 85mg/5ml oral solution,0203020D0AACDCD
VMP,8277111000001109,Amiodarone 85mg/5ml oral suspension,0203020D0AACDCD
AMP,8243411000001107,Amiodarone 85mg/5ml oral solution,0203020D0AACDCD
AMP,8243711000001101,Amiodarone 85mg/5ml oral suspension,0203020D0AACDCD
VMP,8276311000001108,Amiodarone 60mg/5ml oral solution,0203020D0AACECE
VMP,8276611000001103,Amiodarone 60mg/5ml oral suspension,0203020D0AACECE
AMP,8242211000001102,Amiodarone 60mg/5ml oral solution,0203020D0AACECE
AMP,8243111000001102,Amiodarone 60mg/5ml oral suspension,0203020D0AACECE
VMP,8275811000001107,Amiodarone 31.25mg/5ml oral solution,0203020D0AACFCF
VMP,8276011000001105,Amiodarone 31.25mg/5ml oral suspension,0203020D0AACFCF
AMP,8236511000001104,Amiodarone 31.25mg/5ml oral solution,0203020D0AACFCF
AMP,8237011000001105,Amiodarone 31.25mg/5ml oral suspension,0203020D0AACFCF
VMP,8816011000001108,Amiodarone 55mg oral powder sachets,0203020D0AACGCG
AMP,8806511000001102,Amiodarone 55mg oral powder sachets,0203020D0AACGCG
VMP,8274411000001109,Amiodarone 100mg/5ml oral suspension,0203020D0AACHCH
AMP,8230911000001108,Amiodarone 100mg/5ml oral suspension,0203020D0AACHCH
VMP,8276211000001100,Amiodarone 50mg/5ml oral suspension,0203020D0AACICI
AMP,8237311000001108,Amiodarone 50mg/5ml oral suspension,0203020D0AACICI
AMP,294711000001103,Cordarone X 100 tablets,0203020D0BBAAAA
AMP,269511000001109,Cordarone X 200 tablets,0203020D0BBABAB
AMP,288111000001109,Cordarone X 150mg/3ml solution for injection ampoules,0203020D0BBACAD
AMP,897911000001101,Darmil 100mg tablets,0203020D0BEAAAA
AMP,225011000001105,Darmil 200mg tablets,0203020D0BEABAB
AMP,9108411000001107,Amyben 100mg tablets,0203020D0BFAAAA
AMP,9108711000001101,Amyben 200mg tablets,0203020D0BFABAB
AMP,9153111000001104,Amiodarone 300mg/10ml solution for injection Minijet pre-filled syringes,0203020D0BGAABV
VMP,39690511000001109,Disopyramide 100mg capsules,0203020F0AAABAB
AMP,3463911000001107,Disopyramide 100mg capsules,0203020F0AAABAB
AMP,3464911000001109,Disopyramide 100mg capsules,0203020F0AAABAB
AMP,23878311000001104,Disopyramide 100mg capsules,0203020F0AAABAB
AMP,3464711000001107,Disopyramide 100mg capsules,0203020F0AAABAB
AMP,30023611000001104,Disopyramide 100mg capsules,0203020F0AAABAB
AMP,38874311000001107,Disopyramide 100mg capsules,0203020F0AAABAB
AMP,29830511000001107,Disopyramide 100mg capsules,0203020F0AAABAB
AMP,37335311000001101,Disopyramide 100mg capsules,0203020F0AAABAB
AMP,3464411000001101,Disopyramide 100mg capsules,0203020F0AAABAB
AMP,21931411000001100,Disopyramide 100mg capsules,0203020F0AAABAB
VMP,39690611000001108,Disopyramide 150mg capsules,0203020F0AAACAC
AMP,3734411000001100,Disopyramide 150mg capsules,0203020F0AAACAC
AMP,3735711000001105,Disopyramide 150mg capsules,0203020F0AAACAC
AMP,23879411000001103,Disopyramide 150mg capsules,0203020F0AAACAC
AMP,3735411000001104,Disopyramide 150mg capsules,0203020F0AAACAC
AMP,30023811000001100,Disopyramide 150mg capsules,0203020F0AAACAC
AMP,39853711000001109,Disopyramide 150mg capsules,0203020F0AAACAC
AMP,29830711000001102,Disopyramide 150mg capsules,0203020F0AAACAC
AMP,3735211000001103,Disopyramide 150mg capsules,0203020F0AAACAC
AMP,21931611000001102,Disopyramide 150mg capsules,0203020F0AAACAC
VMP,31141611000001104,Disopyramide 25mg capsules,0203020F0AAAPAP
AMP,31139311000001107,Disopyramide 25mg capsules,0203020F0AAAPAP
VMP,8454511000001107,Disopyramide 50mg/5ml oral solution,0203020F0AAARAR
VMP,8454411000001108,Disopyramide 50mg/5ml oral suspension,0203020F0AAARAR
AMP,8448311000001109,Disopyramide 50mg/5ml oral solution,0203020F0AAARAR
AMP,8449611000001108,Disopyramide 50mg/5ml oral suspension,0203020F0AAARAR
VMP,12080811000001107,Disopyramide 16mg/5ml oral solution,0203020F0AAASAS
VMP,12080911000001102,Disopyramide 16mg/5ml oral suspension,0203020F0AAASAS
AMP,12048511000001104,Disopyramide 16mg/5ml oral solution,0203020F0AAASAS
AMP,12048211000001102,Disopyramide 16mg/5ml oral suspension,0203020F0AAASAS
VMP,8454911000001100,Disopyramide 100mg/5ml oral solution,0203020F0AAAVAV
VMP,8454811000001105,Disopyramide 100mg/5ml oral suspension,0203020F0AAAVAV
AMP,8446811000001101,Disopyramide 100mg/5ml oral solution,0203020F0AAAVAV
AMP,8447311000001108,Disopyramide 100mg/5ml oral suspension,0203020F0AAAVAV
VMP,12081011000001105,Disopyramide 20mg/5ml oral solution,0203020F0AAAWAW
VMP,12081111000001106,Disopyramide 20mg/5ml oral suspension,0203020F0AAAWAW
AMP,12049711000001100,Disopyramide 20mg/5ml oral solution,0203020F0AAAWAW
AMP,12048911000001106,Disopyramide 20mg/5ml oral suspension,0203020F0AAAWAW
VMP,8454711000001102,Disopyramide 25mg/5ml oral solution,0203020F0AAAXAX
VMP,8454611000001106,Disopyramide 25mg/5ml oral suspension,0203020F0AAAXAX
AMP,8447511000001102,Disopyramide 25mg/5ml oral solution,0203020F0AAAXAX
AMP,8448011000001106,Disopyramide 25mg/5ml oral suspension,0203020F0AAAXAX
AMP,3465211000001104,Rythmodan 100mg capsules,0203020F0BCAAAB
AMP,3734711000001106,Rythmodan 150mg capsules,0203020F0BCABAC
VMP,36070211000001103,Disopyramide 250mg modified-release capsules,0203020G0AAABAB
AMP,3982311000001102,Disopyramide 250mg modified-release capsules,0203020G0AAABAB
VMP,36070311000001106,Disopyramide 250mg modified-release tablets,0203020G0AAACAC
VMP,36070111000001109,Disopyramide 150mg modified-release tablets,0203020G0AAAEAE
VMP,36070411000001104,Disopyramide 50mg/5ml solution for injection ampoules,0203020G0AAAFAF
AMP,3982011000001100,Isomide CR 250mg capsules,0203020G0BBAAAB
AMP,3691511000001103,Dirythmin SA 150mg tablets,0203020G0BCABAE
AMP,4867311000001109,Rythmodan 50mg/5ml solution for injection ampoules,0203020G0BDAAAF
AMP,3692111000001102,Rythmodan Retard 250mg tablets,0203020G0BDABAC
VMP,36067511000001109,Flecainide 150mg/15ml solution for injection ampoules,0203020I0AAAAAA
VMP,318277000,Flecainide 100mg tablets,0203020I0AAADAD
AMP,856511000001103,Flecainide 100mg tablets,0203020I0AAADAD
AMP,487011000001106,Flecainide 100mg tablets,0203020I0AAADAD
AMP,813111000001106,Flecainide 100mg tablets,0203020I0AAADAD
AMP,17969611000001106,Flecainide 100mg tablets,0203020I0AAADAD
AMP,23978611000001100,Flecainide 100mg tablets,0203020I0AAADAD
AMP,393911000001108,Flecainide 100mg tablets,0203020I0AAADAD
AMP,30130611000001103,Flecainide 100mg tablets,0203020I0AAADAD
AMP,38914411000001101,Flecainide 100mg tablets,0203020I0AAADAD
AMP,35161611000001106,Flecainide 100mg tablets,0203020I0AAADAD
AMP,17908311000001108,Flecainide 100mg tablets,0203020I0AAADAD
AMP,15054211000001108,Flecainide 100mg tablets,0203020I0AAADAD
AMP,261711000001103,Flecainide 100mg tablets,0203020I0AAADAD
AMP,36536611000001103,Flecainide 100mg tablets,0203020I0AAADAD
AMP,840011000001106,Flecainide 100mg tablets,0203020I0AAADAD
AMP,21996711000001106,Flecainide 100mg tablets,0203020I0AAADAD
AMP,139311000001105,Flecainide 100mg tablets,0203020I0AAADAD
VMP,318276009,Flecainide 50mg tablets,0203020I0AAAKAK
AMP,445811000001101,Flecainide 50mg tablets,0203020I0AAAKAK
AMP,809511000001103,Flecainide 50mg tablets,0203020I0AAAKAK
AMP,169711000001102,Flecainide 50mg tablets,0203020I0AAAKAK
AMP,17969911000001100,Flecainide 50mg tablets,0203020I0AAAKAK
AMP,23978811000001101,Flecainide 50mg tablets,0203020I0AAAKAK
AMP,430811000001106,Flecainide 50mg tablets,0203020I0AAAKAK
AMP,30130411000001101,Flecainide 50mg tablets,0203020I0AAAKAK
AMP,38914611000001103,Flecainide 50mg tablets,0203020I0AAAKAK
AMP,35161411000001108,Flecainide 50mg tablets,0203020I0AAAKAK
AMP,17908111000001106,Flecainide 50mg tablets,0203020I0AAAKAK
AMP,15087111000001102,Flecainide 50mg tablets,0203020I0AAAKAK
AMP,523411000001109,Flecainide 50mg tablets,0203020I0AAAKAK
AMP,36536011000001105,Flecainide 50mg tablets,0203020I0AAAKAK
AMP,226511000001109,Flecainide 50mg tablets,0203020I0AAAKAK
AMP,21996511000001101,Flecainide 50mg tablets,0203020I0AAAKAK
AMP,21511000001109,Flecainide 50mg tablets,0203020I0AAAKAK
VMP,12619011000001102,Flecainide 12mg/5ml oral solution,0203020I0AAANAN
VMP,12619111000001101,Flecainide 12mg/5ml oral suspension,0203020I0AAANAN
AMP,12579011000001103,Flecainide 12mg/5ml oral solution,0203020I0AAANAN
AMP,12578411000001104,Flecainide 12mg/5ml oral suspension,0203020I0AAANAN
VMP,12619611000001109,Flecainide 18.75mg/5ml oral solution,0203020I0AAAPAP
VMP,12619711000001100,Flecainide 18.75mg/5ml oral suspension,0203020I0AAAPAP
AMP,12581011000001107,Flecainide 18.75mg/5ml oral solution,0203020I0AAAPAP
AMP,12580711000001101,Flecainide 18.75mg/5ml oral suspension,0203020I0AAAPAP
VMP,8514811000001108,Flecainide 50mg/5ml oral solution,0203020I0AAAQAQ
VMP,8514911000001103,Flecainide 50mg/5ml oral suspension,0203020I0AAAQAQ
AMP,8478611000001103,Flecainide 50mg/5ml oral solution,0203020I0AAAQAQ
AMP,8479511000001108,Flecainide 50mg/5ml oral suspension,0203020I0AAAQAQ
VMP,12622011000001102,Flecainide 5mg/5ml oral solution,0203020I0AAARAR
VMP,12622111000001101,Flecainide 5mg/5ml oral suspension,0203020I0AAARAR
AMP,12594411000001100,Flecainide 5mg/5ml oral solution,0203020I0AAARAR
AMP,12593911000001106,Flecainide 5mg/5ml oral suspension,0203020I0AAARAR
VMP,12619211000001107,Flecainide 15mg/5ml oral solution,0203020I0AAASAS
VMP,12619311000001104,Flecainide 15mg/5ml oral suspension,0203020I0AAASAS
AMP,12579611000001105,Flecainide 15mg/5ml oral solution,0203020I0AAASAS
AMP,12579311000001100,Flecainide 15mg/5ml oral suspension,0203020I0AAASAS
VMP,12619411000001106,Flecainide 17mg/5ml oral solution,0203020I0AAATAT
VMP,12619511000001105,Flecainide 17mg/5ml oral suspension,0203020I0AAATAT
AMP,12580411000001107,Flecainide 17mg/5ml oral solution,0203020I0AAATAT
AMP,12580111000001102,Flecainide 17mg/5ml oral suspension,0203020I0AAATAT
VMP,12621011000001105,Flecainide 33.33mg/5ml oral solution,0203020I0AAAUAU
VMP,12621111000001106,Flecainide 33.33mg/5ml oral suspension,0203020I0AAAUAU
AMP,12588811000001107,Flecainide 33.33mg/5ml oral solution,0203020I0AAAUAU
AMP,12588511000001109,Flecainide 33.33mg/5ml oral suspension,0203020I0AAAUAU
VMP,12620411000001105,Flecainide 20mg/5ml oral solution,0203020I0AAAWAW
VMP,12620511000001109,Flecainide 20mg/5ml oral suspension,0203020I0AAAWAW
AMP,12585711000001106,Flecainide 20mg/5ml oral solution,0203020I0AAAWAW
AMP,12585211000001104,Flecainide 20mg/5ml oral suspension,0203020I0AAAWAW
VMP,12620211000001106,Flecainide 200mg/5ml oral solution,0203020I0AAAXAX
VMP,12620311000001103,Flecainide 200mg/5ml oral suspension,0203020I0AAAXAX
AMP,12584611000001103,Flecainide 200mg/5ml oral solution,0203020I0AAAXAX
AMP,12584311000001108,Flecainide 200mg/5ml oral suspension,0203020I0AAAXAX
VMP,12620011000001101,Flecainide 2.5mg/5ml oral solution,0203020I0AAAYAY
VMP,12620111000001100,Flecainide 2.5mg/5ml oral suspension,0203020I0AAAYAY
AMP,12582211000001109,Flecainide 2.5mg/5ml oral solution,0203020I0AAAYAY
AMP,12581911000001106,Flecainide 2.5mg/5ml oral suspension,0203020I0AAAYAY
VMP,12618411000001103,Flecainide 100mg/5ml oral solution,0203020I0AAAZAZ
VMP,12618511000001104,Flecainide 100mg/5ml oral suspension,0203020I0AAAZAZ
AMP,12575911000001101,Flecainide 100mg/5ml oral solution,0203020I0AAAZAZ
AMP,12575611000001107,Flecainide 100mg/5ml oral suspension,0203020I0AAAZAZ
VMP,12620811000001107,Flecainide 30mg/5ml oral solution,0203020I0AABABA
VMP,12620911000001102,Flecainide 30mg/5ml oral suspension,0203020I0AABABA
AMP,12587911000001103,Flecainide 30mg/5ml oral solution,0203020I0AABABA
AMP,12587311000001104,Flecainide 30mg/5ml oral suspension,0203020I0AABABA
VMP,12618811000001101,Flecainide 125mg/5ml oral solution,0203020I0AABBBB
VMP,12618911000001106,Flecainide 125mg/5ml oral suspension,0203020I0AABBBB
AMP,12577811000001101,Flecainide 125mg/5ml oral solution,0203020I0AABBBB
AMP,12577111000001108,Flecainide 125mg/5ml oral suspension,0203020I0AABBBB
VMP,12621611000001103,Flecainide 40mg/5ml oral solution,0203020I0AABCBC
VMP,12621711000001107,Flecainide 40mg/5ml oral suspension,0203020I0AABCBC
AMP,12591811000001100,Flecainide 40mg/5ml oral solution,0203020I0AABCBC
AMP,12591211000001101,Flecainide 40mg/5ml oral suspension,0203020I0AABCBC
VMP,12622611000001109,Flecainide 6mg/5ml oral solution,0203020I0AABDBD
VMP,12622711000001100,Flecainide 6mg/5ml oral suspension,0203020I0AABDBD
AMP,12596811000001105,Flecainide 6mg/5ml oral solution,0203020I0AABDBD
AMP,12596511000001107,Flecainide 6mg/5ml oral suspension,0203020I0AABDBD
VMP,12622811000001108,Flecainide 80mg/5ml oral solution,0203020I0AABEBE
VMP,12622911000001103,Flecainide 80mg/5ml oral suspension,0203020I0AABEBE
AMP,12597411000001105,Flecainide 80mg/5ml oral solution,0203020I0AABEBE
AMP,12597111000001100,Flecainide 80mg/5ml oral suspension,0203020I0AABEBE
VMP,12622411000001106,Flecainide 65mg/5ml oral solution,0203020I0AABGBG
VMP,12622511000001105,Flecainide 65mg/5ml oral suspension,0203020I0AABGBG
AMP,12596111000001103,Flecainide 65mg/5ml oral solution,0203020I0AABGBG
AMP,12595811000001102,Flecainide 65mg/5ml oral suspension,0203020I0AABGBG
VMP,12621411000001101,Flecainide 37.5mg/5ml oral solution,0203020I0AABHBH
VMP,12621511000001102,Flecainide 37.5mg/5ml oral suspension,0203020I0AABHBH
AMP,12590711000001100,Flecainide 37.5mg/5ml oral solution,0203020I0AABHBH
AMP,12590211000001107,Flecainide 37.5mg/5ml oral suspension,0203020I0AABHBH
VMP,8514311000001104,Flecainide 10mg/5ml oral solution,0203020I0AABIBI
AMP,8476511000001103,Flecainide 10mg/5ml oral solution,0203020I0AABIBI
VMP,12622211000001107,Flecainide 60mg/5ml oral solution,0203020I0AABJBJ
VMP,12622311000001104,Flecainide 60mg/5ml oral suspension,0203020I0AABJBJ
AMP,12595311000001106,Flecainide 60mg/5ml oral solution,0203020I0AABJBJ
AMP,12595011000001108,Flecainide 60mg/5ml oral suspension,0203020I0AABJBJ
VMP,12621211000001100,Flecainide 35mg/5ml oral solution,0203020I0AABKBK
VMP,12621311000001108,Flecainide 35mg/5ml oral suspension,0203020I0AABKBK
AMP,12589411000001102,Flecainide 35mg/5ml oral solution,0203020I0AABKBK
AMP,12589111000001107,Flecainide 35mg/5ml oral suspension,0203020I0AABKBK
VMP,12620611000001108,Flecainide 250mg/5ml oral solution,0203020I0AABLBL
VMP,12620711000001104,Flecainide 250mg/5ml oral suspension,0203020I0AABLBL
AMP,12586811000001106,Flecainide 250mg/5ml oral solution,0203020I0AABLBL
AMP,12586411000001109,Flecainide 250mg/5ml oral suspension,0203020I0AABLBL
VMP,12618611000001100,Flecainide 12.5mg/5ml oral solution,0203020I0AABMBM
VMP,12618711000001109,Flecainide 12.5mg/5ml oral suspension,0203020I0AABMBM
AMP,12576811000001103,Flecainide 12.5mg/5ml oral solution,0203020I0AABMBM
AMP,12576311000001107,Flecainide 12.5mg/5ml oral suspension,0203020I0AABMBM
VMP,12619811000001108,Flecainide 1mg/5ml oral solution,0203020I0AABNBN
VMP,12619911000001103,Flecainide 1mg/5ml oral suspension,0203020I0AABNBN
AMP,12581611000001100,Flecainide 1mg/5ml oral solution,0203020I0AABNBN
AMP,12581311000001105,Flecainide 1mg/5ml oral suspension,0203020I0AABNBN
VMP,12621811000001104,Flecainide 4mg/5ml oral solution,0203020I0AABPBP
VMP,12621911000001109,Flecainide 4mg/5ml oral suspension,0203020I0AABPBP
AMP,12593311000001105,Flecainide 4mg/5ml oral solution,0203020I0AABPBP
AMP,12592711000001101,Flecainide 4mg/5ml oral suspension,0203020I0AABPBP
VMP,11169611000001105,Flecainide 200mg modified-release capsules,0203020I0AABQBQ
VMP,8514511000001105,Flecainide 25mg/5ml oral solution,0203020I0AABRBR
AMP,8478111000001106,Flecainide 25mg/5ml oral solution,0203020I0AABRBR
VMP,8514611000001109,Flecainide 25mg/5ml oral suspension,0203020I0AABSBS
AMP,8477511000001101,Flecainide 25mg/5ml oral suspension,0203020I0AABSBS
VMP,8514411000001106,Flecainide 10mg/5ml oral suspension,0203020I0AABTBT
AMP,8476911000001105,Flecainide 10mg/5ml oral suspension,0203020I0AABTBT
AMP,516411000001107,Tambocor 100mg tablets,0203020I0BBAAAD
AMP,638511000001109,Tambocor 150mg/15ml solution for injection ampoules,0203020I0BBABAA
AMP,77511000001104,Tambocor 50mg tablets,0203020I0BBACAK
AMP,11158611000001107,Tambocor XL 200mg capsules,0203020I0BBADBQ
VMP,318334004,Propafenone 150mg tablets,0203020R0AAAAAA
AMP,24134011000001101,Propafenone 150mg tablets,0203020R0AAAAAA
AMP,23488211000001107,Propafenone 150mg tablets,0203020R0AAAAAA
AMP,30985711000001105,Propafenone 150mg tablets,0203020R0AAAAAA
AMP,30080111000001109,Propafenone 150mg tablets,0203020R0AAAAAA
VMP,318335003,Propafenone 300mg tablets,0203020R0AAABAB
AMP,34468911000001102,Propafenone 300mg tablets,0203020R0AAABAB
AMP,23488711000001100,Propafenone 300mg tablets,0203020R0AAABAB
AMP,40328111000001103,Propafenone 300mg tablets,0203020R0AAABAB
VMP,13149711000001100,Propafenone 50mg/5ml oral solution,0203020R0AAAEAE
VMP,13150011000001107,Propafenone 50mg/5ml oral suspension,0203020R0AAAEAE
AMP,13145511000001107,Propafenone 50mg/5ml oral solution,0203020R0AAAEAE
AMP,13145211000001109,Propafenone 50mg/5ml oral suspension,0203020R0AAAEAE
VMP,13149511000001105,Propafenone 150mg/5ml oral solution,0203020R0AAAFAF
VMP,13149611000001109,Propafenone 150mg/5ml oral suspension,0203020R0AAAFAF
AMP,13144811000001109,Propafenone 150mg/5ml oral solution,0203020R0AAAFAF
AMP,13144511000001106,Propafenone 150mg/5ml oral suspension,0203020R0AAAFAF
AMP,273811000001102,Arythmol 150mg tablets,0203020R0BCAAAA
AMP,69011000001108,Arythmol 300mg tablets,0203020R0BCABAB
VMP,35933811000001102,Quinidine bisulfate 250mg modified-release tablets,0203020T0AAABAB
AMP,3848511000001106,Kinidin 250mg Durules,0203020T0BCAAAB
AMP,20473111000001102,Quinidine sulfate 200mg tablets,0203020U0AAAGAG
AMP,28772411000001106,Quinidine sulfate 200mg tablets,0203020U0AAAGAG
VMP,39691711000001107,Dronedarone 400mg tablets,0203020X0AAAAAA
AMP,39975211000001105,Dronedarone 400mg tablets,0203020X0AAAAAA
AMP,39853411000001103,Dronedarone 400mg tablets,0203020X0AAAAAA
AMP,38084711000001102,Dronedarone 400mg tablets,0203020X0AAAAAA
AMP,37928211000001108,Dronedarone 400mg tablets,0203020X0AAAAAA
AMP,17066411000001106,Multaq 400mg tablets,0203020X0BBAAAA
VMP,39731411000001101,Aliskiren 150mg tablets,0205053A0AAAAAA
VMP,39731511000001102,Aliskiren 300mg tablets,0205053A0AAABAB
AMP,11960911000001108,Rasilez 150mg tablets,0205053A0BBAAAA
AMP,11961711000001103,Rasilez 300mg tablets,0205053A0BBABAB
VMP,36031811000001107,Nisoldipine 10mg modified-release tablets,0206020W0AAAAAA
AMP,18175611000001109,Nisoldipine 10mg modified-release tablets,0206020W0AAAAAA
VMP,36031911000001102,Nisoldipine 20mg modified-release tablets,0206020W0AAABAB
AMP,18175911000001103,Nisoldipine 20mg modified-release tablets,0206020W0AAABAB
VMP,36032011000001109,Nisoldipine 30mg modified-release tablets,0206020W0AAACAC
AMP,18176211000001101,Nisoldipine 30mg modified-release tablets,0206020W0AAACAC
AMP,3877011000001100,Syscor MR 10 tablets,0206020W0BBAAAA
AMP,4070011000001100,Syscor MR 20 tablets,0206020W0BBABAB
AMP,4069211000001108,Syscor MR 30 tablets,0206020W0BBACAC
VMP,9831411000001101,Ivabradine 5mg tablets,0206030Y0AAAAAA
AMP,35335411000001109,Ivabradine 5mg tablets,0206030Y0AAAAAA
AMP,35322711000001109,Ivabradine 5mg tablets,0206030Y0AAAAAA
AMP,35354411000001109,Ivabradine 5mg tablets,0206030Y0AAAAAA
AMP,35304611000001102,Ivabradine 5mg tablets,0206030Y0AAAAAA
AMP,40586611000001101,Ivabradine 5mg tablets,0206030Y0AAAAAA
AMP,37426211000001105,Ivabradine 5mg tablets,0206030Y0AAAAAA
AMP,35535911000001104,Ivabradine 5mg tablets,0206030Y0AAAAAA
AMP,39008211000001100,Ivabradine 5mg tablets,0206030Y0AAAAAA
AMP,41160611000001101,Ivabradine 5mg tablets,0206030Y0AAAAAA
AMP,35298411000001101,Ivabradine 5mg tablets,0206030Y0AAAAAA
AMP,35429911000001106,Ivabradine 5mg tablets,0206030Y0AAAAAA
AMP,36504711000001107,Ivabradine 5mg tablets,0206030Y0AAAAAA
AMP,37241011000001106,Ivabradine 5mg tablets,0206030Y0AAAAAA
VMP,9831511000001102,Ivabradine 7.5mg tablets,0206030Y0AAABAB
AMP,35335611000001107,Ivabradine 7.5mg tablets,0206030Y0AAABAB
AMP,35322911000001106,Ivabradine 7.5mg tablets,0206030Y0AAABAB
AMP,35354611000001107,Ivabradine 7.5mg tablets,0206030Y0AAABAB
AMP,35304811000001103,Ivabradine 7.5mg tablets,0206030Y0AAABAB
AMP,40586811000001102,Ivabradine 7.5mg tablets,0206030Y0AAABAB
AMP,37426411000001109,Ivabradine 7.5mg tablets,0206030Y0AAABAB
AMP,35536111000001108,Ivabradine 7.5mg tablets,0206030Y0AAABAB
AMP,39008611000001103,Ivabradine 7.5mg tablets,0206030Y0AAABAB
AMP,41160811000001102,Ivabradine 7.5mg tablets,0206030Y0AAABAB
AMP,35298711000001107,Ivabradine 7.5mg tablets,0206030Y0AAABAB
AMP,35429711000001109,Ivabradine 7.5mg tablets,0206030Y0AAABAB
AMP,36504911000001109,Ivabradine 7.5mg tablets,0206030Y0AAABAB
AMP,37241211000001101,Ivabradine 7.5mg tablets,0206030Y0AAABAB
VMP,35308111000001104,Ivabradine 2.5mg tablets,0206030Y0AAACAC
AMP,35427311000001100,Ivabradine 2.5mg tablets,0206030Y0AAACAC
AMP,38739911000001105,Ivabradine 2.5mg tablets,0206030Y0AAACAC
AMP,35354211000001105,Ivabradine 2.5mg tablets,0206030Y0AAACAC
AMP,35305711000001105,Ivabradine 2.5mg tablets,0206030Y0AAACAC
AMP,35355211000001106,Ivabradine 2.5mg tablets,0206030Y0AAACAC
AMP,37426011000001100,Ivabradine 2.5mg tablets,0206030Y0AAACAC
AMP,39008011000001105,Ivabradine 2.5mg tablets,0206030Y0AAACAC
AMP,9830511000001109,Procoralan 5mg tablets,0206030Y0BBAAAA
AMP,9830211000001106,Procoralan 7.5mg tablets,0206030Y0BBABAB
VMP,15000811000001106,Ranolazine 375mg modified-release tablets,0206030Z0AAAAAA
VMP,15000911000001101,Ranolazine 500mg modified-release tablets,0206030Z0AAABAB
VMP,15001011000001109,Ranolazine 750mg modified-release tablets,0206030Z0AAACAC
AMP,14998611000001105,Ranexa 375mg modified-release tablets,0206030Z0BBAAAA
AMP,14997911000001100,Ranexa 500mg modified-release tablets,0206030Z0BBABAB
AMP,14998911000001104,Ranexa 750mg modified-release tablets,0206030Z0BBACAC
VMP,31719411000001103,Lumacaftor 200mg / Ivacaftor 125mg tablets,0307000T0AAAAAA
VMP,36752811000001102,Lumacaftor 100mg / Ivacaftor 125mg tablets,0307000T0AAABAB
VMP,36931911000001109,Lumacaftor 100mg / Ivacaftor 125mg granules sachets,0307000T0AAACAC
VMP,36932011000001102,Lumacaftor 150mg / Ivacaftor 188mg granules sachets,0307000T0AAADAD
AMP,31552011000001105,Orkambi 200mg/125mg tablets,0307000T0BBAAAA
AMP,36627211000001109,Orkambi 100mg/125mg tablets,0307000T0BBABAB
AMP,36920111000001103,Orkambi 100mg/125mg granules sachets,0307000T0BBACAC
AMP,36920411000001108,Orkambi 150mg/188mg granules sachets,0307000T0BBADAD
VMP,26655311000001106,Lurasidone 18.5mg tablets,0402010AIAAAAAA
VMP,26655411000001104,Lurasidone 37mg tablets,0402010AIAAABAB
VMP,26655511000001100,Lurasidone 74mg tablets,0402010AIAAACAC
AMP,26654411000001100,Latuda 18.5mg tablets,0402010AIBBAAAA
AMP,26654711000001106,Latuda 37mg tablets,0402010AIBBABAB
AMP,26655011000001108,Latuda 74mg tablets,0402010AIBBACAC
VMP,35853811000001105,Cariprazine 1.5mg capsules,0402010AJAAAAAA
VMP,35853911000001100,Cariprazine 3mg capsules,0402010AJAAABAB
VMP,35854011000001102,Cariprazine 4.5mg capsules,0402010AJAAACAC
VMP,35854111000001101,Cariprazine 6mg capsules,0402010AJAAADAD
AMP,35771811000001105,Reagila 1.5mg capsules,0402010AJBBAAAA
AMP,35772111000001108,Reagila 3mg capsules,0402010AJBBABAB
AMP,35772411000001103,Reagila 4.5mg capsules,0402010AJBBACAC
AMP,35772711000001109,Reagila 6mg capsules,0402010AJBBADAD
VMP,321490002,Pimozide 2mg tablets,0402010R0AAAAAA
VMP,321491003,Pimozide 4mg tablets,0402010R0AAABAB
VMP,13059311000001109,Pimozide 1.25mg/5ml oral suspension,0402010R0AAAGAG
AMP,13037511000001106,Pimozide 1.25mg/5ml oral suspension,0402010R0AAAGAG
VMP,13059411000001102,Pimozide 2mg/5ml oral suspension,0402010R0AAAHAH
AMP,13037811000001109,Pimozide 2mg/5ml oral suspension,0402010R0AAAHAH
AMP,4544911000001108,Orap 2mg tablets,0402010R0BBAAAA
AMP,3688011000001101,Orap 4mg tablets,0402010R0BBABAB
VMP,39690311000001103,Co-proxamol 32.5mg/325mg tablets,0407010Q0AAAAAA
AMP,126911000001100,Co-proxamol 32.5mg/325mg tablets,0407010Q0AAAAAA
AMP,526911000001107,Co-proxamol 32.5mg/325mg tablets,0407010Q0AAAAAA
AMP,134011000001106,Co-proxamol 32.5mg/325mg tablets,0407010Q0AAAAAA
AMP,9788911000001105,Co-proxamol 32.5mg/325mg tablets,0407010Q0AAAAAA
AMP,30045311000001108,Co-proxamol 32.5mg/325mg tablets,0407010Q0AAAAAA
AMP,29851211000001102,Co-proxamol 32.5mg/325mg tablets,0407010Q0AAAAAA
AMP,331211000001106,Co-proxamol 32.5mg/325mg tablets,0407010Q0AAAAAA
AMP,471711000001108,Co-proxamol 32.5mg/325mg tablets,0407010Q0AAAAAA
AMP,17031711000001102,Co-proxamol 32.5mg/325mg tablets,0407010Q0AAAAAA
AMP,12884111000001105,Co-proxamol 32.5mg/325mg tablets,0407010Q0AAAAAA
AMP,31552211000001100,Co-proxamol 32.5mg/325mg tablets,0407010Q0AAAAAA
AMP,18106711000001101,Co-proxamol 32.5mg/325mg tablets,0407010Q0AAAAAA
AMP,269611000001108,Co-proxamol 32.5mg/325mg tablets,0407010Q0AAAAAA
AMP,194811000001109,Co-proxamol 32.5mg/325mg tablets,0407010Q0AAAAAA
AMP,29799511000001108,Co-proxamol 32.5mg/325mg tablets,0407010Q0AAAAAA
AMP,769511000001101,Co-proxamol 32.5mg/325mg tablets,0407010Q0AAAAAA
AMP,776411000001101,Co-proxamol 32.5mg/325mg tablets,0407010Q0AAAAAA
VMP,8427811000001102,Co-proxamol 32.5mg/325mg/5ml oral suspension,0407010Q0AAADAD
AMP,8407611000001107,Co-proxamol 32.5mg/325mg/5ml oral suspension,0407010Q0AAADAD
AMP,247711000001104,Distalgesic 32.5mg/325mg tablets,0407010Q0BDAAAA
AMP,3823211000001102,Doloxene 100mg capsules,0407020E0BBAAAA
VMP,40207211000001107,Cenobamate 50mg tablets,0408010ANAAAAAA
VMP,40206211000001105,Cenobamate 100mg tablets,0408010ANAAABAB
VMP,40206511000001108,Cenobamate 150mg tablets,0408010ANAAACAC
VMP,40206611000001107,Cenobamate 200mg tablets,0408010ANAAADAD
VMP,40206411000001109,Cenobamate 12.5mg tablets and Cenobamate 25mg tablets,0408010ANAAAEAE
AMP,40199011000001106,Ontozry 50mg tablets,0408010ANBBAAAA
AMP,40202111000001103,Ontozry 100mg tablets,0408010ANBBABAB
AMP,40202911000001100,Ontozry 150mg tablets,0408010ANBBACAC
AMP,40203711000001105,Ontozry 200mg tablets,0408010ANBBADAD
AMP,40206011000001100,Ontozry 12.5mg/25mg tablets treatment initiation pack,0408010ANBBAEAE
AMP,206611000001101,Carbamazepine 100mg tablets,0408010C0AAABAB
AMP,506411000001105,Carbamazepine 100mg tablets,0408010C0AAABAB
AMP,19817511000001100,Carbamazepine 100mg tablets,0408010C0AAABAB
AMP,40852711000001104,Carbamazepine 100mg tablets,0408010C0AAABAB
AMP,504111000001107,Carbamazepine 100mg tablets,0408010C0AAABAB
AMP,39845311000001108,Carbamazepine 100mg tablets,0408010C0AAABAB
AMP,38161111000001105,Carbamazepine 100mg tablets,0408010C0AAABAB
AMP,332111000001105,Carbamazepine 100mg tablets,0408010C0AAABAB
AMP,612111000001105,Carbamazepine 100mg tablets,0408010C0AAABAB
AMP,380311000001102,Carbamazepine 200mg tablets,0408010C0AAACAC
AMP,520611000001103,Carbamazepine 200mg tablets,0408010C0AAACAC
AMP,19817711000001105,Carbamazepine 200mg tablets,0408010C0AAACAC
AMP,40852911000001102,Carbamazepine 200mg tablets,0408010C0AAACAC
AMP,406111000001108,Carbamazepine 200mg tablets,0408010C0AAACAC
AMP,38819911000001100,Carbamazepine 200mg tablets,0408010C0AAACAC
AMP,38160911000001101,Carbamazepine 200mg tablets,0408010C0AAACAC
AMP,34211000001106,Carbamazepine 200mg tablets,0408010C0AAACAC
AMP,196211000001103,Carbamazepine 200mg tablets,0408010C0AAACAC
AMP,253111000001106,Carbamazepine 400mg tablets,0408010C0AAADAD
AMP,405811000001109,Carbamazepine 400mg tablets,0408010C0AAADAD
AMP,19817911000001107,Carbamazepine 400mg tablets,0408010C0AAADAD
AMP,40853111000001106,Carbamazepine 400mg tablets,0408010C0AAADAD
AMP,425011000001109,Carbamazepine 400mg tablets,0408010C0AAADAD
AMP,39845111000001106,Carbamazepine 400mg tablets,0408010C0AAADAD
AMP,38160711000001103,Carbamazepine 400mg tablets,0408010C0AAADAD
AMP,89011000001106,Carbamazepine 400mg tablets,0408010C0AAADAD
AMP,35711000001100,Carbamazepine 400mg tablets,0408010C0AAADAD
VMP,37082411000001106,Carbamazepine 200mg modified-release tablets,0408010C0AAAGAG
AMP,4571411000001103,Carbamazepine 200mg modified-release tablets,0408010C0AAAGAG
AMP,778111000001105,Carbamazepine 200mg modified-release tablets,0408010C0AAAGAG
AMP,851511000001107,Carbamazepine 200mg modified-release tablets,0408010C0AAAGAG
VMP,37082511000001105,Carbamazepine 400mg modified-release tablets,0408010C0AAAHAH
AMP,4571611000001100,Carbamazepine 400mg modified-release tablets,0408010C0AAAHAH
AMP,509911000001106,Carbamazepine 400mg modified-release tablets,0408010C0AAAHAH
AMP,796011000001100,Carbamazepine 400mg modified-release tablets,0408010C0AAAHAH
AMP,19570411000001105,Carbamazepine 100mg/5ml oral suspension sugar free,0408010C0AAAPAP
AMP,19491711000001107,Carbamazepine 100mg/5ml oral suspension sugar free,0408010C0AAAPAP
AMP,34574311000001105,Carbamazepine 100mg/5ml oral suspension sugar free,0408010C0AAAPAP
AMP,22629711000001105,Carbamazepine 100mg/5ml oral suspension sugar free,0408010C0AAAPAP
AMP,38819711000001102,Carbamazepine 100mg/5ml oral suspension sugar free,0408010C0AAAPAP
AMP,29778811000001108,Carbamazepine 100mg/5ml oral suspension sugar free,0408010C0AAAPAP
AMP,34759711000001106,Carbamazepine 100mg/5ml oral suspension sugar free,0408010C0AAAPAP
AMP,34187611000001108,Carbamazepine 125mg suppositories,0408010C0AAAUAU
AMP,33732111000001104,Carbamazepine 125mg suppositories,0408010C0AAAUAU
AMP,33676811000001100,Carbamazepine 125mg suppositories,0408010C0AAAUAU
AMP,40263311000001107,Carbamazepine 250mg suppositories,0408010C0AAAVAV
AMP,33732311000001102,Carbamazepine 250mg suppositories,0408010C0AAAVAV
AMP,33677011000001109,Carbamazepine 250mg suppositories,0408010C0AAAVAV
VMP,12388011000001103,Carbamazepine 200mg/5ml oral solution,0408010C0AAAXAX
VMP,12388111000001102,Carbamazepine 200mg/5ml oral suspension,0408010C0AAAXAX
AMP,12326711000001107,Carbamazepine 200mg/5ml oral solution,0408010C0AAAXAX
AMP,12326411000001101,Carbamazepine 200mg/5ml oral suspension,0408010C0AAAXAX
VMP,8354911000001105,Carbamazepine 500mg/5ml oral suspension,0408010C0AAAYAY
AMP,8326911000001101,Carbamazepine 500mg/5ml oral suspension,0408010C0AAAYAY
VMP,12387411000001108,Carbamazepine 100mg/5ml oral solution,0408010C0AABDBD
VMP,12387511000001107,Carbamazepine 100mg/5ml oral suspension,0408010C0AABDBD
AMP,12323811000001108,Carbamazepine 100mg/5ml oral solution,0408010C0AABDBD
AMP,12323011000001102,Carbamazepine 100mg/5ml oral suspension,0408010C0AABDBD
VMP,12388211000001108,Carbamazepine 35mg/5ml oral solution,0408010C0AABEBE
VMP,12388311000001100,Carbamazepine 35mg/5ml oral suspension,0408010C0AABEBE
AMP,12327911000001107,Carbamazepine 35mg/5ml oral solution,0408010C0AABEBE
AMP,12327411000001104,Carbamazepine 35mg/5ml oral suspension,0408010C0AABEBE
VMP,12387811000001105,Carbamazepine 120mg/5ml oral solution,0408010C0AABFBF
VMP,12387911000001100,Carbamazepine 120mg/5ml oral suspension,0408010C0AABFBF
AMP,12325911000001102,Carbamazepine 120mg/5ml oral solution,0408010C0AABFBF
AMP,12325611000001108,Carbamazepine 120mg/5ml oral suspension,0408010C0AABFBF
VMP,12387611000001106,Carbamazepine 10mg/5ml oral solution,0408010C0AABGBG
VMP,12387711000001102,Carbamazepine 10mg/5ml oral suspension,0408010C0AABGBG
AMP,12324911000001101,Carbamazepine 10mg/5ml oral solution,0408010C0AABGBG
AMP,12324411000001109,Carbamazepine 10mg/5ml oral suspension,0408010C0AABGBG
VMP,8354711000001108,Carbamazepine 40mg/5ml oral suspension,0408010C0AABHBH
AMP,8326111000001104,Carbamazepine 40mg/5ml oral suspension,0408010C0AABHBH
VMP,34606411000001105,Carbamazepine 50mg/5ml oral solution,0408010C0AABIBI
AMP,34606011000001101,Carbamazepine 50mg/5ml oral solution,0408010C0AABIBI
AMP,680511000001100,Tegretol 100mg tablets,0408010C0BBAAAB
AMP,443711000001108,Tegretol 200mg tablets,0408010C0BBABAC
AMP,702711000001104,Tegretol 400mg tablets,0408010C0BBACAD
AMP,760111000001100,Tegretol 100mg/5ml liquid,0408010C0BBADAP
AMP,261911000001101,Tegretol Prolonged Release 200mg tablets,0408010C0BBAEAG
AMP,662611000001103,Tegretol Prolonged Release 400mg tablets,0408010C0BBAFAH
AMP,3160011000001104,Tegretol 100mg Chewtabs,0408010C0BBAGAJ
AMP,3160911000001100,Tegretol 200mg Chewtabs,0408010C0BBAHAK
AMP,3923811000001107,Tegretol 125mg suppositories,0408010C0BBAIAU
AMP,3924111000001103,Tegretol 250mg suppositories,0408010C0BBAJAV
AMP,260011000001109,Epimaz 100mg tablets,0408010C0BCAAAB
AMP,296811000001104,Epimaz 200mg tablets,0408010C0BCABAC
AMP,760511000001109,Epimaz 400mg tablets,0408010C0BCACAD
AMP,352911000001109,Epimaz Retard 200mg tablets,0408010C0BCADAG
AMP,643611000001102,Epimaz Retard 400mg tablets,0408010C0BCAEAH
AMP,12311000001104,Teril Retard 200mg tablets,0408010C0BEAAAG
AMP,658111000001104,Teril Retard 400mg tablets,0408010C0BEABAH
AMP,369911000001109,Carbagen SR 200mg tablets,0408010C0BFAAAG
AMP,640811000001105,Carbagen SR 400mg tablets,0408010C0BFABAH
AMP,24108311000001104,Carbagen 100mg tablets,0408010C0BFACAB
AMP,24108811000001108,Carbagen 200mg tablets,0408010C0BFADAC
AMP,24109211000001102,Carbagen 400mg tablets,0408010C0BFAEAD
AMP,789211000001102,Arbil MR 200mg tablets,0408010C0BGAAAG
AMP,210911000001107,Arbil MR 400mg tablets,0408010C0BGABAH
AMP,40922211000001102,Curatil Prolonged Release 200mg tablets,0408010C0BHAAAG
VMP,12425011000001109,Phenobarbital 10mg capsules,0408010N0AAA7A7
AMP,12365311000001106,Phenobarbital 10mg capsules,0408010N0AAA7A7
AMP,4196611000001108,Phenobarbital 15mg/5ml elixir,0408010N0AAACAC
AMP,4197311000001100,Phenobarbital 15mg/5ml elixir,0408010N0AAACAC
AMP,4196911000001102,Phenobarbital 15mg/5ml elixir,0408010N0AAACAC
AMP,548211000001104,Phenobarbital 15mg tablets,0408010N0AAAIAI
AMP,32498111000001107,Phenobarbital 15mg tablets,0408010N0AAAIAI
AMP,569811000001102,Phenobarbital 15mg tablets,0408010N0AAAIAI
AMP,21039111000001100,Phenobarbital 15mg tablets,0408010N0AAAIAI
AMP,30076311000001104,Phenobarbital 15mg tablets,0408010N0AAAIAI
AMP,56811000001101,Phenobarbital 15mg tablets,0408010N0AAAIAI
AMP,37126711000001102,Phenobarbital 15mg tablets,0408010N0AAAIAI
AMP,39186211000001108,Phenobarbital 15mg tablets,0408010N0AAAIAI
AMP,29984311000001109,Phenobarbital 15mg tablets,0408010N0AAAIAI
AMP,451611000001101,Phenobarbital 15mg tablets,0408010N0AAAIAI
AMP,227011000001103,Phenobarbital 15mg tablets,0408010N0AAAIAI
AMP,240511000001105,Phenobarbital 30mg tablets,0408010N0AAAJAJ
AMP,918411000001102,Phenobarbital 30mg tablets,0408010N0AAAJAJ
AMP,896911000001104,Phenobarbital 30mg tablets,0408010N0AAAJAJ
AMP,17964111000001104,Phenobarbital 30mg tablets,0408010N0AAAJAJ
AMP,10431011000001102,Phenobarbital 30mg tablets,0408010N0AAAJAJ
AMP,21039311000001103,Phenobarbital 30mg tablets,0408010N0AAAJAJ
AMP,30076511000001105,Phenobarbital 30mg tablets,0408010N0AAAJAJ
AMP,187111000001106,Phenobarbital 30mg tablets,0408010N0AAAJAJ
AMP,37126911000001100,Phenobarbital 30mg tablets,0408010N0AAAJAJ
AMP,39186411000001107,Phenobarbital 30mg tablets,0408010N0AAAJAJ
AMP,29984511000001103,Phenobarbital 30mg tablets,0408010N0AAAJAJ
AMP,30811000001102,Phenobarbital 30mg tablets,0408010N0AAAJAJ
AMP,21846411000001103,Phenobarbital 30mg tablets,0408010N0AAAJAJ
AMP,566911000001103,Phenobarbital 60mg tablets,0408010N0AAALAL
AMP,563311000001108,Phenobarbital 60mg tablets,0408010N0AAALAL
AMP,205411000001108,Phenobarbital 60mg tablets,0408010N0AAALAL
AMP,10431411000001106,Phenobarbital 60mg tablets,0408010N0AAALAL
AMP,21039511000001109,Phenobarbital 60mg tablets,0408010N0AAALAL
AMP,30076711000001100,Phenobarbital 60mg tablets,0408010N0AAALAL
AMP,176211000001108,Phenobarbital 60mg tablets,0408010N0AAALAL
AMP,37127111000001100,Phenobarbital 60mg tablets,0408010N0AAALAL
AMP,39186611000001105,Phenobarbital 60mg tablets,0408010N0AAALAL
AMP,29984711000001108,Phenobarbital 60mg tablets,0408010N0AAALAL
AMP,304111000001109,Phenobarbital 60mg tablets,0408010N0AAALAL
AMP,21846611000001100,Phenobarbital 60mg tablets,0408010N0AAALAL
VMP,12299411000001108,Phenobarbital 100mg tablets,0408010N0AAAMAM
AMP,12248411000001109,Phenobarbital 100mg tablets,0408010N0AAAMAM
VMP,12299311000001101,Phenobarbital 100mg capsules,0408010N0AAASAS
AMP,12247811000001107,Phenobarbital 100mg capsules,0408010N0AAASAS
VMP,12425511000001101,Phenobarbital 60mg capsules,0408010N0AAAVAV
AMP,12368811000001106,Phenobarbital 60mg capsules,0408010N0AAAVAV
VMP,12425411000001100,Phenobarbital 50mg capsules,0408010N0AAAXAX
AMP,12366711000001102,Phenobarbital 50mg capsules,0408010N0AAAXAX
VMP,12425111000001105,Phenobarbital 25mg capsules,0408010N0AAAZAZ
AMP,12365711000001105,Phenobarbital 25mg capsules,0408010N0AAAZAZ
VMP,8800911000001106,Phenobarbital 50mg/5ml oral solution,0408010N0AACLCL
AMP,8789511000001106,Phenobarbital 50mg/5ml oral solution,0408010N0AACLCL
VMP,12187911000001109,Phenobarbital 200mg/5ml oral solution,0408010N0AACMCM
VMP,12188011000001106,Phenobarbital 200mg/5ml oral suspension,0408010N0AACMCM
AMP,12160111000001108,Phenobarbital 200mg/5ml oral solution,0408010N0AACMCM
AMP,12159511000001103,Phenobarbital 200mg/5ml oral suspension,0408010N0AACMCM
VMP,12299511000001107,Phenobarbital 100mg/5ml oral solution,0408010N0AACNCN
VMP,12299611000001106,Phenobarbital 100mg/5ml oral suspension,0408010N0AACNCN
AMP,12249711000001107,Phenobarbital 100mg/5ml oral solution,0408010N0AACNCN
AMP,12249111000001106,Phenobarbital 100mg/5ml oral suspension,0408010N0AACNCN
VMP,12214011000001101,Phenobarbital 75mg/5ml oral solution,0408010N0AACPCP
VMP,12214111000001100,Phenobarbital 75mg/5ml oral suspension,0408010N0AACPCP
AMP,12208711000001109,Phenobarbital 75mg/5ml oral solution,0408010N0AACPCP
AMP,12208411000001103,Phenobarbital 75mg/5ml oral suspension,0408010N0AACPCP
VMP,12191911000001102,Phenobarbital 62.5mg/5ml oral solution,0408010N0AACQCQ
VMP,12192011000001109,Phenobarbital 62.5mg/5ml oral suspension,0408010N0AACQCQ
AMP,12174711000001105,Phenobarbital 62.5mg/5ml oral solution,0408010N0AACQCQ
AMP,12173811000001100,Phenobarbital 62.5mg/5ml oral suspension,0408010N0AACQCQ
VMP,12189511000001109,Phenobarbital 30mg/5ml oral solution,0408010N0AACRCR
VMP,12189611000001108,Phenobarbital 30mg/5ml oral suspension,0408010N0AACRCR
AMP,12169211000001109,Phenobarbital 30mg/5ml oral solution,0408010N0AACRCR
AMP,12168911000001108,Phenobarbital 30mg/5ml oral suspension,0408010N0AACRCR
VMP,12190811000001104,Phenobarbital 45mg/5ml oral solution,0408010N0AACSCS
VMP,12191011000001101,Phenobarbital 45mg/5ml oral suspension,0408010N0AACSCS
AMP,12178011000001104,Phenobarbital 45mg/5ml oral solution,0408010N0AACSCS
AMP,12177411000001109,Phenobarbital 45mg/5ml oral suspension,0408010N0AACSCS
VMP,12189311000001103,Phenobarbital 300mg/5ml oral solution,0408010N0AACTCT
VMP,12189411000001105,Phenobarbital 300mg/5ml oral suspension,0408010N0AACTCT
AMP,12168311000001107,Phenobarbital 300mg/5ml oral solution,0408010N0AACTCT
AMP,12168011000001109,Phenobarbital 300mg/5ml oral suspension,0408010N0AACTCT
VMP,12186611000001100,Phenobarbital 10mg/5ml oral solution,0408010N0AACUCU
VMP,12186711000001109,Phenobarbital 10mg/5ml oral suspension,0408010N0AACUCU
AMP,12152911000001100,Phenobarbital 10mg/5ml oral solution,0408010N0AACUCU
AMP,12152511000001107,Phenobarbital 10mg/5ml oral suspension,0408010N0AACUCU
VMP,12213211000001108,Phenobarbital 25mg/5ml oral suspension,0408010N0AACWCW
AMP,12206011000001108,Phenobarbital 25mg/5ml oral suspension,0408010N0AACWCW
VMP,12212711000001109,Phenobarbital 125mg/5ml oral solution,0408010N0AACXCX
VMP,12212811000001101,Phenobarbital 125mg/5ml oral suspension,0408010N0AACXCX
AMP,12204211000001108,Phenobarbital 125mg/5ml oral solution,0408010N0AACXCX
AMP,12203911000001101,Phenobarbital 125mg/5ml oral suspension,0408010N0AACXCX
VMP,12188111000001107,Phenobarbital 20mg/5ml oral solution,0408010N0AACYCY
VMP,12188211000001101,Phenobarbital 20mg/5ml oral suspension,0408010N0AACYCY
AMP,12161111000001102,Phenobarbital 20mg/5ml oral solution,0408010N0AACYCY
AMP,12160811000001101,Phenobarbital 20mg/5ml oral suspension,0408010N0AACYCY
VMP,12187211000001100,Phenobarbital 150mg/5ml oral solution,0408010N0AADADA
VMP,12187311000001108,Phenobarbital 150mg/5ml oral suspension,0408010N0AADADA
AMP,12157111000001101,Phenobarbital 150mg/5ml oral solution,0408010N0AADADA
AMP,12156711000001103,Phenobarbital 150mg/5ml oral suspension,0408010N0AADADA
VMP,12193111000001104,Phenobarbital 85mg/5ml oral solution,0408010N0AADCDC
VMP,12193211000001105,Phenobarbital 85mg/5ml oral suspension,0408010N0AADCDC
AMP,12180311000001107,Phenobarbital 85mg/5ml oral solution,0408010N0AADCDC
AMP,12180011000001109,Phenobarbital 85mg/5ml oral suspension,0408010N0AADCDC
VMP,12188511000001103,Phenobarbital 225mg/5ml oral solution,0408010N0AADFDF
VMP,12188611000001104,Phenobarbital 225mg/5ml oral suspension,0408010N0AADFDF
AMP,12164811000001106,Phenobarbital 225mg/5ml oral solution,0408010N0AADFDF
AMP,12163811000001108,Phenobarbital 225mg/5ml oral suspension,0408010N0AADFDF
VMP,12186811000001101,Phenobarbital 12.5mg/5ml oral solution,0408010N0AADGDG
VMP,12186911000001106,Phenobarbital 12.5mg/5ml oral suspension,0408010N0AADGDG
AMP,12162611000001104,Phenobarbital 12.5mg/5ml oral solution,0408010N0AADGDG
AMP,12153711000001105,Phenobarbital 12.5mg/5ml oral suspension,0408010N0AADGDG
VMP,12192511000001101,Phenobarbital 70mg/5ml oral solution,0408010N0AADHDH
VMP,12192611000001102,Phenobarbital 70mg/5ml oral suspension,0408010N0AADHDH
AMP,12166511000001102,Phenobarbital 70mg/5ml oral solution,0408010N0AADHDH
AMP,12165911000001102,Phenobarbital 70mg/5ml oral suspension,0408010N0AADHDH
VMP,12188911000001105,Phenobarbital 250mg/5ml oral solution,0408010N0AADIDI
VMP,12189011000001101,Phenobarbital 250mg/5ml oral suspension,0408010N0AADIDI
AMP,12166711000001107,Phenobarbital 250mg/5ml oral solution,0408010N0AADIDI
AMP,12166211000001100,Phenobarbital 250mg/5ml oral suspension,0408010N0AADIDI
VMP,12213511000001106,Phenobarbital 5mg/5ml oral solution,0408010N0AADJDJ
VMP,12213711000001101,Phenobarbital 5mg/5ml oral suspension,0408010N0AADJDJ
AMP,12208111000001108,Phenobarbital 5mg/5ml oral solution,0408010N0AADJDJ
AMP,12207511000001103,Phenobarbital 5mg/5ml oral suspension,0408010N0AADJDJ
VMP,12190511000001102,Phenobarbital 42mg/5ml oral solution,0408010N0AADKDK
VMP,12190611000001103,Phenobarbital 42mg/5ml oral suspension,0408010N0AADKDK
AMP,12176111000001102,Phenobarbital 42mg/5ml oral solution,0408010N0AADKDK
AMP,12175611000001100,Phenobarbital 42mg/5ml oral suspension,0408010N0AADKDK
VMP,12193311000001102,Phenobarbital 9.5mg/5ml oral solution,0408010N0AADLDL
VMP,12193411000001109,Phenobarbital 9.5mg/5ml oral suspension,0408010N0AADLDL
AMP,12181511000001108,Phenobarbital 9.5mg/5ml oral solution,0408010N0AADLDL
AMP,12180911000001108,Phenobarbital 9.5mg/5ml oral suspension,0408010N0AADLDL
VMP,12212911000001106,Phenobarbital 15mg/5ml oral solution,0408010N0AADMDM
VMP,12213011000001103,Phenobarbital 15mg/5ml oral suspension,0408010N0AADMDM
AMP,12205211000001109,Phenobarbital 15mg/5ml oral solution,0408010N0AADMDM
AMP,12204911000001104,Phenobarbital 15mg/5ml oral suspension,0408010N0AADMDM
VMP,12191511000001109,Phenobarbital 55mg/5ml oral solution,0408010N0AADNDN
VMP,12191611000001108,Phenobarbital 55mg/5ml oral suspension,0408010N0AADNDN
AMP,12179211000001104,Phenobarbital 55mg/5ml oral solution,0408010N0AADNDN
AMP,12178111000001103,Phenobarbital 55mg/5ml oral suspension,0408010N0AADNDN
VMP,12191311000001103,Phenobarbital 500mg/5ml oral solution,0408010N0AADQDQ
VMP,12191411000001105,Phenobarbital 500mg/5ml oral suspension,0408010N0AADQDQ
AMP,12182211000001103,Phenobarbital 500mg/5ml oral solution,0408010N0AADQDQ
AMP,12181211000001105,Phenobarbital 500mg/5ml oral suspension,0408010N0AADQDQ
VMP,12190711000001107,Phenobarbital 450mg/5ml oral solution,0408010N0AADSDS
VMP,12190911000001109,Phenobarbital 450mg/5ml oral suspension,0408010N0AADSDS
AMP,12176711000001101,Phenobarbital 450mg/5ml oral solution,0408010N0AADSDS
AMP,12176411000001107,Phenobarbital 450mg/5ml oral suspension,0408010N0AADSDS
VMP,12191111000001100,Phenobarbital 46.67mg/5ml oral solution,0408010N0AADTDT
VMP,12191211000001106,Phenobarbital 46.67mg/5ml oral suspension,0408010N0AADTDT
AMP,12179311000001107,Phenobarbital 46.67mg/5ml oral solution,0408010N0AADTDT
AMP,12178511000001107,Phenobarbital 46.67mg/5ml oral suspension,0408010N0AADTDT
VMP,12191711000001104,Phenobarbital 60mg/5ml oral solution,0408010N0AADWDW
VMP,12191811000001107,Phenobarbital 60mg/5ml oral suspension,0408010N0AADWDW
AMP,12177011000001100,Phenobarbital 60mg/5ml oral solution,0408010N0AADWDW
AMP,12175711000001109,Phenobarbital 60mg/5ml oral suspension,0408010N0AADWDW
VMP,12189111000001100,Phenobarbital 28.5mg/5ml oral solution,0408010N0AADXDX
VMP,12189211000001106,Phenobarbital 28.5mg/5ml oral suspension,0408010N0AADXDX
AMP,12167511000001100,Phenobarbital 28.5mg/5ml oral solution,0408010N0AADXDX
AMP,12167111000001109,Phenobarbital 28.5mg/5ml oral suspension,0408010N0AADXDX
VMP,12190111000001106,Phenobarbital 37.5mg/5ml oral solution,0408010N0AADZDZ
VMP,12190211000001100,Phenobarbital 37.5mg/5ml oral suspension,0408010N0AADZDZ
AMP,12173411000001102,Phenobarbital 37.5mg/5ml oral solution,0408010N0AADZDZ
AMP,12172511000001105,Phenobarbital 37.5mg/5ml oral suspension,0408010N0AADZDZ
VMP,12193511000001108,Phenobarbital 90mg/5ml oral solution,0408010N0AAEAEA
VMP,12193611000001107,Phenobarbital 90mg/5ml oral suspension,0408010N0AAEAEA
AMP,12183111000001103,Phenobarbital 90mg/5ml oral solution,0408010N0AAEAEA
AMP,12182711000001105,Phenobarbital 90mg/5ml oral suspension,0408010N0AAEAEA
VMP,12190311000001108,Phenobarbital 40mg/5ml oral solution,0408010N0AAECEC
VMP,12190411000001101,Phenobarbital 40mg/5ml oral suspension,0408010N0AAECEC
AMP,12174311000001106,Phenobarbital 40mg/5ml oral solution,0408010N0AAECEC
AMP,12173911000001105,Phenobarbital 40mg/5ml oral suspension,0408010N0AAECEC
VMP,12188311000001109,Phenobarbital 21mg/5ml oral solution,0408010N0AAEDED
VMP,12188411000001102,Phenobarbital 21mg/5ml oral suspension,0408010N0AAEDED
AMP,12163311000001104,Phenobarbital 21mg/5ml oral solution,0408010N0AAEDED
AMP,12162911000001105,Phenobarbital 21mg/5ml oral suspension,0408010N0AAEDED
VMP,12189911000001102,Phenobarbital 35mg/5ml oral solution,0408010N0AAEEEE
VMP,12190011000001105,Phenobarbital 35mg/5ml oral suspension,0408010N0AAEEEE
AMP,12171611000001103,Phenobarbital 35mg/5ml oral solution,0408010N0AAEEEE
AMP,12171311000001108,Phenobarbital 35mg/5ml oral suspension,0408010N0AAEEEE
VMP,12188711000001108,Phenobarbital 247.5mg/5ml oral solution,0408010N0AAEFEF
VMP,12188811000001100,Phenobarbital 247.5mg/5ml oral suspension,0408010N0AAEFEF
AMP,12165611000001108,Phenobarbital 247.5mg/5ml oral solution,0408010N0AAEFEF
AMP,12165311000001103,Phenobarbital 247.5mg/5ml oral suspension,0408010N0AAEFEF
VMP,12189711000001104,Phenobarbital 34mg/5ml oral solution,0408010N0AAEGEG
VMP,12189811000001107,Phenobarbital 34mg/5ml oral suspension,0408010N0AAEGEG
AMP,12170711000001104,Phenobarbital 34mg/5ml oral solution,0408010N0AAEGEG
AMP,12169911000001100,Phenobarbital 34mg/5ml oral suspension,0408010N0AAEGEG
VMP,12187511000001102,Phenobarbital 18mg/5ml oral solution,0408010N0AAEHEH
VMP,12187611000001103,Phenobarbital 18mg/5ml oral suspension,0408010N0AAEHEH
AMP,12157811000001108,Phenobarbital 18mg/5ml oral solution,0408010N0AAEHEH
AMP,12157411000001106,Phenobarbital 18mg/5ml oral suspension,0408010N0AAEHEH
VMP,12192711000001106,Phenobarbital 72.5mg/5ml oral solution,0408010N0AAEIEI
VMP,12192811000001103,Phenobarbital 72.5mg/5ml oral suspension,0408010N0AAEIEI
AMP,12164911000001101,Phenobarbital 72.5mg/5ml oral solution,0408010N0AAEIEI
AMP,12164411000001109,Phenobarbital 72.5mg/5ml oral suspension,0408010N0AAEIEI
VMP,12192911000001108,Phenobarbital 80mg/5ml oral solution,0408010N0AAEJEJ
VMP,12193011000001100,Phenobarbital 80mg/5ml oral suspension,0408010N0AAEJEJ
AMP,12164111000001104,Phenobarbital 80mg/5ml oral solution,0408010N0AAEJEJ
AMP,12163511000001105,Phenobarbital 80mg/5ml oral suspension,0408010N0AAEJEJ
VMP,12192311000001107,Phenobarbital 7.5mg/5ml oral solution,0408010N0AAEKEK
VMP,12192411000001100,Phenobarbital 7.5mg/5ml oral suspension,0408010N0AAEKEK
AMP,12168611000001102,Phenobarbital 7.5mg/5ml oral solution,0408010N0AAEKEK
AMP,12167611000001101,Phenobarbital 7.5mg/5ml oral suspension,0408010N0AAEKEK
VMP,12192111000001105,Phenobarbital 65mg/5ml oral solution,0408010N0AAELEL
VMP,12192211000001104,Phenobarbital 65mg/5ml oral suspension,0408010N0AAELEL
AMP,12172311000001104,Phenobarbital 65mg/5ml oral solution,0408010N0AAELEL
AMP,12169511000001107,Phenobarbital 65mg/5ml oral suspension,0408010N0AAELEL
VMP,12193711000001103,Phenobarbital 9mg/5ml oral solution,0408010N0AAEMEM
VMP,12193811000001106,Phenobarbital 9mg/5ml oral suspension,0408010N0AAEMEM
AMP,12184111000001101,Phenobarbital 9mg/5ml oral solution,0408010N0AAEMEM
AMP,12183411000001108,Phenobarbital 9mg/5ml oral suspension,0408010N0AAEMEM
VMP,12425311000001107,Phenobarbital 37.5mg capsules,0408010N0AAENEN
AMP,12366211000001109,Phenobarbital 37.5mg capsules,0408010N0AAENEN
VMP,12187011000001105,Phenobarbital 12.6mg/5ml oral solution,0408010N0AAEPEP
VMP,12187111000001106,Phenobarbital 12.6mg/5ml oral suspension,0408010N0AAEPEP
AMP,12155711000001106,Phenobarbital 12.6mg/5ml oral solution,0408010N0AAEPEP
AMP,12155011000001109,Phenobarbital 12.6mg/5ml oral suspension,0408010N0AAEPEP
VMP,12187711000001107,Phenobarbital 2.5mg/5ml oral solution,0408010N0AAEQEQ
VMP,12187811000001104,Phenobarbital 2.5mg/5ml oral suspension,0408010N0AAEQEQ
AMP,12159211000001101,Phenobarbital 2.5mg/5ml oral solution,0408010N0AAEQEQ
AMP,12158911000001102,Phenobarbital 2.5mg/5ml oral suspension,0408010N0AAEQEQ
VMP,12213311000001100,Phenobarbital 31.5mg/5ml oral solution,0408010N0AAESES
VMP,12213411000001107,Phenobarbital 31.5mg/5ml oral suspension,0408010N0AAESES
AMP,12207111000001107,Phenobarbital 31.5mg/5ml oral solution,0408010N0AAESES
AMP,12206811000001102,Phenobarbital 31.5mg/5ml oral suspension,0408010N0AAESES
VMP,13426211000001100,Phenobarbital 180mg/5ml oral solution,0408010N0AAETET
VMP,13426311000001108,Phenobarbital 180mg/5ml oral suspension,0408010N0AAETET
AMP,13416111000001104,Phenobarbital 180mg/5ml oral solution,0408010N0AAETET
AMP,13416411000001109,Phenobarbital 180mg/5ml oral suspension,0408010N0AAETET
VMP,8800811000001101,Phenobarbital 50mg/5ml oral suspension,0408010N0AAEUEU
AMP,8790011000001107,Phenobarbital 50mg/5ml oral suspension,0408010N0AAEUEU
VMP,12213111000001102,Phenobarbital 25mg/5ml oral solution,0408010N0AAEVEV
AMP,12206411000001104,Phenobarbital 25mg/5ml oral solution,0408010N0AAEVEV
VMP,35939211000001101,Phenobarbital 200mg/1ml solution for injection ampoules,0408010P0AAAAAA
AMP,544811000001106,Phenobarbital 200mg/1ml solution for injection ampoules,0408010P0AAAAAA
AMP,9763011000001102,Phenobarbital 200mg/1ml solution for injection ampoules,0408010P0AAAAAA
AMP,358911000001107,Phenobarbital 200mg/1ml solution for injection ampoules,0408010P0AAAAAA
VMP,35939411000001102,Phenobarbital 60mg/1ml solution for injection ampoules,0408010P0AAAGAG
AMP,4974011000001103,Phenobarbital 60mg/1ml solution for injection ampoules,0408010P0AAAGAG
AMP,4974411000001107,Phenobarbital 60mg/1ml solution for injection ampoules,0408010P0AAAGAG
AMP,4974211000001108,Phenobarbital 60mg/1ml solution for injection ampoules,0408010P0AAAGAG
VMP,35939111000001107,Phenobarbital 15mg/1ml solution for injection ampoules,0408010P0AAAHAH
AMP,10073511000001104,Phenobarbital 15mg/1ml solution for injection ampoules,0408010P0AAAHAH
AMP,10073711000001109,Phenobarbital 15mg/1ml solution for injection ampoules,0408010P0AAAHAH
AMP,10073311000001105,Phenobarbital 15mg/1ml solution for injection ampoules,0408010P0AAAHAH
VMP,35939311000001109,Phenobarbital 30mg/1ml solution for injection ampoules,0408010P0AAAIAI
AMP,4974711000001101,Phenobarbital 30mg/1ml solution for injection ampoules,0408010P0AAAIAI
AMP,4975111000001103,Phenobarbital 30mg/1ml solution for injection ampoules,0408010P0AAAIAI
AMP,4974911000001104,Phenobarbital 30mg/1ml solution for injection ampoules,0408010P0AAAIAI
VMP,12196611000001101,Phenobarbital sodium 50mg/5ml oral solution,0408010P0AAAVAV
VMP,12196711000001105,Phenobarbital sodium 50mg/5ml oral suspension,0408010P0AAAVAV
AMP,12175211000001102,Phenobarbital sodium 50mg/5ml oral solution,0408010P0AAAVAV
AMP,12174811000001102,Phenobarbital sodium 50mg/5ml oral suspension,0408010P0AAAVAV
VMP,12195611000001106,Phenobarbital sodium 25mg/5ml oral solution,0408010P0AAAWAW
VMP,12195711000001102,Phenobarbital sodium 25mg/5ml oral suspension,0408010P0AAAWAW
AMP,12161711000001101,Phenobarbital sodium 25mg/5ml oral solution,0408010P0AAAWAW
AMP,12161411000001107,Phenobarbital sodium 25mg/5ml oral suspension,0408010P0AAAWAW
VMP,12195011000001104,Phenobarbital sodium 15mg/5ml oral solution,0408010P0AAAYAY
VMP,12195111000001103,Phenobarbital sodium 15mg/5ml oral suspension,0408010P0AAAYAY
AMP,12156611000001107,Phenobarbital sodium 15mg/5ml oral solution,0408010P0AAAYAY
AMP,12156011000001100,Phenobarbital sodium 15mg/5ml oral suspension,0408010P0AAAYAY
VMP,12214211000001106,Phenobarbital sodium 60mg/5ml oral solution,0408010P0AAAZAZ
VMP,12214311000001103,Phenobarbital sodium 60mg/5ml oral suspension,0408010P0AAAZAZ
AMP,12203611000001107,Phenobarbital sodium 60mg/5ml oral solution,0408010P0AAAZAZ
AMP,12202611000001102,Phenobarbital sodium 60mg/5ml oral suspension,0408010P0AAAZAZ
VMP,12194511000001106,Phenobarbital sodium 125mg/5ml oral solution,0408010P0AABABA
VMP,12194611000001105,Phenobarbital sodium 125mg/5ml oral suspension,0408010P0AABABA
AMP,12154311000001108,Phenobarbital sodium 125mg/5ml oral solution,0408010P0AABABA
AMP,12153311000001106,Phenobarbital sodium 125mg/5ml oral suspension,0408010P0AABABA
VMP,12194111000001102,Phenobarbital sodium 10mg/5ml oral solution,0408010P0AABBBB
VMP,12194211000001108,Phenobarbital sodium 10mg/5ml oral suspension,0408010P0AABBBB
AMP,12150811000001109,Phenobarbital sodium 10mg/5ml oral solution,0408010P0AABBBB
AMP,12150511000001106,Phenobarbital sodium 10mg/5ml oral suspension,0408010P0AABBBB
VMP,12195811000001105,Phenobarbital sodium 30mg/5ml oral solution,0408010P0AABCBC
VMP,12195911000001100,Phenobarbital sodium 30mg/5ml oral suspension,0408010P0AABCBC
AMP,12162311000001109,Phenobarbital sodium 30mg/5ml oral solution,0408010P0AABCBC
AMP,12162011000001106,Phenobarbital sodium 30mg/5ml oral suspension,0408010P0AABCBC
VMP,12196211000001103,Phenobarbital sodium 36mg/5ml oral solution,0408010P0AABEBE
VMP,12196311000001106,Phenobarbital sodium 36mg/5ml oral suspension,0408010P0AABEBE
AMP,12172011000001102,Phenobarbital sodium 36mg/5ml oral solution,0408010P0AABEBE
AMP,12171111000001106,Phenobarbital sodium 36mg/5ml oral suspension,0408010P0AABEBE
VMP,12194311000001100,Phenobarbital sodium 11mg/5ml oral solution,0408010P0AABFBF
VMP,12194411000001107,Phenobarbital sodium 11mg/5ml oral suspension,0408010P0AABFBF
AMP,12152011000001104,Phenobarbital sodium 11mg/5ml oral solution,0408010P0AABFBF
AMP,12151711000001109,Phenobarbital sodium 11mg/5ml oral suspension,0408010P0AABFBF
VMP,12195211000001109,Phenobarbital sodium 17mg/5ml oral solution,0408010P0AABGBG
VMP,12195311000001101,Phenobarbital sodium 17mg/5ml oral suspension,0408010P0AABGBG
AMP,12158711000001104,Phenobarbital sodium 17mg/5ml oral solution,0408010P0AABGBG
AMP,12158311000001103,Phenobarbital sodium 17mg/5ml oral suspension,0408010P0AABGBG
VMP,12193911000001101,Phenobarbital sodium 100mg/5ml oral solution,0408010P0AABHBH
VMP,12194011000001103,Phenobarbital sodium 100mg/5ml oral suspension,0408010P0AABHBH
AMP,12150011000001103,Phenobarbital sodium 100mg/5ml oral solution,0408010P0AABHBH
AMP,12149511000001100,Phenobarbital sodium 100mg/5ml oral suspension,0408010P0AABHBH
VMP,12194711000001101,Phenobarbital sodium 150mg/5ml oral solution,0408010P0AABIBI
VMP,12194911000001104,Phenobarbital sodium 150mg/5ml oral suspension,0408010P0AABIBI
AMP,12155311000001107,Phenobarbital sodium 150mg/5ml oral solution,0408010P0AABIBI
AMP,12154711000001107,Phenobarbital sodium 150mg/5ml oral suspension,0408010P0AABIBI
VMP,12197211000001101,Phenobarbital sodium 7.5mg/5ml oral solution,0408010P0AABJBJ
VMP,12197311000001109,Phenobarbital sodium 7.5mg/5ml oral suspension,0408010P0AABJBJ
AMP,12182511000001100,Phenobarbital sodium 7.5mg/5ml oral solution,0408010P0AABJBJ
AMP,12181811000001106,Phenobarbital sodium 7.5mg/5ml oral suspension,0408010P0AABJBJ
VMP,12195411000001108,Phenobarbital sodium 20mg/5ml oral solution,0408010P0AABKBK
VMP,12195511000001107,Phenobarbital sodium 20mg/5ml oral suspension,0408010P0AABKBK
AMP,12160611000001100,Phenobarbital sodium 20mg/5ml oral solution,0408010P0AABKBK
AMP,12159811000001100,Phenobarbital sodium 20mg/5ml oral suspension,0408010P0AABKBK
VMP,12196011000001108,Phenobarbital sodium 35mg/5ml oral solution,0408010P0AABLBL
VMP,12196111000001109,Phenobarbital sodium 35mg/5ml oral suspension,0408010P0AABLBL
AMP,12170511000001109,Phenobarbital sodium 35mg/5ml oral solution,0408010P0AABLBL
AMP,12170011000001101,Phenobarbital sodium 35mg/5ml oral suspension,0408010P0AABLBL
VMP,12196411000001104,Phenobarbital sodium 45mg/5ml oral solution,0408010P0AABMBM
VMP,12196511000001100,Phenobarbital sodium 45mg/5ml oral suspension,0408010P0AABMBM
AMP,12173111000001107,Phenobarbital sodium 45mg/5ml oral solution,0408010P0AABMBM
AMP,12172811000001108,Phenobarbital sodium 45mg/5ml oral suspension,0408010P0AABMBM
VMP,12196811000001102,Phenobarbital sodium 55mg/5ml oral solution,0408010P0AABNBN
VMP,12196911000001107,Phenobarbital sodium 55mg/5ml oral suspension,0408010P0AABNBN
AMP,12178811000001105,Phenobarbital sodium 55mg/5ml oral solution,0408010P0AABNBN
AMP,12177511000001108,Phenobarbital sodium 55mg/5ml oral suspension,0408010P0AABNBN
VMP,12197011000001106,Phenobarbital sodium 5mg/5ml oral solution,0408010P0AABPBP
VMP,12197111000001107,Phenobarbital sodium 5mg/5ml oral suspension,0408010P0AABPBP
AMP,12179711000001106,Phenobarbital sodium 5mg/5ml oral solution,0408010P0AABPBP
AMP,12180611000001102,Phenobarbital sodium 5mg/5ml oral suspension,0408010P0AABPBP
AMP,204111000001102,Gardenal Sodium 200mg/1ml solution for injection ampoules,0408010P0BBAAAA
VMP,39025611000001101,Phenytoin sodium 100mg capsules,0408010Q0AAAAAA
AMP,21375311000001102,Phenytoin sodium 100mg capsules,0408010Q0AAAAAA
AMP,23595311000001103,Phenytoin sodium 100mg capsules,0408010Q0AAAAAA
AMP,21349411000001108,Phenytoin sodium 100mg capsules,0408010Q0AAAAAA
AMP,30845411000001100,Phenytoin sodium 100mg capsules,0408010Q0AAAAAA
AMP,23644911000001104,Phenytoin sodium 100mg capsules,0408010Q0AAAAAA
AMP,21200911000001107,Phenytoin sodium 100mg capsules,0408010Q0AAAAAA
AMP,29984911000001105,Phenytoin sodium 100mg capsules,0408010Q0AAAAAA
AMP,21374911000001100,Phenytoin sodium 25mg capsules,0408010Q0AAADAD
AMP,21348611000001102,Phenytoin sodium 25mg capsules,0408010Q0AAADAD
AMP,21200511000001100,Phenytoin sodium 25mg capsules,0408010Q0AAADAD
AMP,40411000001103,Phenytoin sodium 50mg tablets,0408010Q0AAAFAF
AMP,206011000001108,Phenytoin sodium 50mg tablets,0408010Q0AAAFAF
AMP,791711000001109,Phenytoin sodium 50mg tablets,0408010Q0AAAFAF
AMP,17111000001104,Phenytoin sodium 100mg tablets,0408010Q0AAAGAG
AMP,18781211000001106,Phenytoin sodium 100mg tablets,0408010Q0AAAGAG
AMP,624411000001104,Phenytoin sodium 100mg tablets,0408010Q0AAAGAG
AMP,30764211000001106,Phenytoin sodium 100mg tablets,0408010Q0AAAGAG
AMP,30845611000001102,Phenytoin sodium 100mg tablets,0408010Q0AAAGAG
AMP,399711000001109,Phenytoin sodium 100mg tablets,0408010Q0AAAGAG
AMP,37127311000001103,Phenytoin sodium 100mg tablets,0408010Q0AAAGAG
AMP,39186811000001109,Phenytoin sodium 100mg tablets,0408010Q0AAAGAG
AMP,21025111000001104,Phenytoin sodium 100mg tablets,0408010Q0AAAGAG
AMP,17878111000001105,Phenytoin sodium 100mg tablets,0408010Q0AAAGAG
AMP,15171811000001102,Phenytoin sodium 100mg tablets,0408010Q0AAAGAG
AMP,55611000001105,Phenytoin sodium 100mg tablets,0408010Q0AAAGAG
AMP,607111000001109,Phenytoin sodium 100mg tablets,0408010Q0AAAGAG
AMP,21846811000001101,Phenytoin sodium 100mg tablets,0408010Q0AAAGAG
AMP,14770211000001106,Phenytoin sodium 100mg tablets,0408010Q0AAAGAG
AMP,21375111000001104,Phenytoin sodium 50mg capsules,0408010Q0AAAPAP
AMP,21349211000001109,Phenytoin sodium 50mg capsules,0408010Q0AAAPAP
AMP,21200711000001105,Phenytoin sodium 50mg capsules,0408010Q0AAAPAP
AMP,21375511000001108,Phenytoin sodium 300mg capsules,0408010Q0AAAQAQ
AMP,21349711000001102,Phenytoin sodium 300mg capsules,0408010Q0AAAQAQ
AMP,21201111000001103,Phenytoin sodium 300mg capsules,0408010Q0AAAQAQ
VMP,13041211000001104,Phenytoin sodium 84mg/5ml oral solution,0408010Q0AAAVAV
VMP,13041311000001107,Phenytoin sodium 84mg/5ml oral suspension,0408010Q0AAAVAV
AMP,13027111000001100,Phenytoin sodium 84mg/5ml oral solution,0408010Q0AAAVAV
AMP,13026511000001107,Phenytoin sodium 84mg/5ml oral suspension,0408010Q0AAAVAV
VMP,13041011000001109,Phenytoin sodium 50mg/5ml oral solution,0408010Q0AAAXAX
VMP,13041111000001105,Phenytoin sodium 50mg/5ml oral suspension,0408010Q0AAAXAX
AMP,13025911000001107,Phenytoin sodium 50mg/5ml oral solution,0408010Q0AAAXAX
AMP,13025311000001106,Phenytoin sodium 50mg/5ml oral suspension,0408010Q0AAAXAX
VMP,14016411000001103,Phenytoin sodium 400mg/5ml oral solution,0408010Q0AAAZAZ
VMP,14016511000001104,Phenytoin sodium 400mg/5ml oral suspension,0408010Q0AAAZAZ
AMP,13977011000001107,Phenytoin sodium 400mg/5ml oral solution,0408010Q0AAAZAZ
AMP,13977311000001105,Phenytoin sodium 400mg/5ml oral suspension,0408010Q0AAAZAZ
VMP,18520411000001108,Phenytoin sodium 54mg/5ml oral suspension,0408010Q0AABABA
AMP,18514811000001107,Phenytoin sodium 54mg/5ml oral suspension,0408010Q0AABABA
AMP,199911000001103,Epanutin 25mg capsules,0408010Q0BBACAD
AMP,208611000001100,Epanutin 50mg capsules,0408010Q0BBADAP
AMP,725911000001101,Epanutin 100mg capsules,0408010Q0BBAEAA
AMP,198711000001109,Epanutin 300mg capsules,0408010Q0BBAFAQ
AMP,23480211000001109,Primidone 250mg tablets,0408010U0AAABAB
AMP,23180511000001108,Primidone 250mg tablets,0408010U0AAABAB
AMP,41190311000001109,Primidone 250mg tablets,0408010U0AAABAB
AMP,37135211000001100,Primidone 250mg tablets,0408010U0AAABAB
AMP,39181111000001106,Primidone 250mg tablets,0408010U0AAABAB
AMP,23305711000001100,Primidone 250mg tablets,0408010U0AAABAB
AMP,30854311000001106,Primidone 250mg tablets,0408010U0AAABAB
AMP,23600711000001100,Primidone 250mg tablets,0408010U0AAABAB
VMP,8818111000001108,Primidone 25mg/5ml oral suspension,0408010U0AAACAC
AMP,8808311000001107,Primidone 25mg/5ml oral suspension,0408010U0AAACAC
VMP,8800311000001105,Primidone 50mg capsules,0408010U0AAAFAF
AMP,8768411000001102,Primidone 50mg capsules,0408010U0AAAFAF
VMP,8818011000001107,Primidone 200mg/5ml oral suspension,0408010U0AAAQAQ
AMP,8807711000001105,Primidone 200mg/5ml oral suspension,0408010U0AAAQAQ
VMP,16037111000001109,Primidone 30mg/5ml oral suspension,0408010U0AAASAS
AMP,16020011000001109,Primidone 30mg/5ml oral suspension,0408010U0AAASAS
VMP,15451911000001105,Primidone 100mg/5ml oral suspension,0408010U0AAATAT
AMP,15447911000001104,Primidone 100mg/5ml oral suspension,0408010U0AAATAT
AMP,23640811000001104,Primidone 50mg tablets,0408010U0AAAXAX
AMP,23180311000001102,Primidone 50mg tablets,0408010U0AAAXAX
AMP,41190111000001107,Primidone 50mg tablets,0408010U0AAAXAX
AMP,37779411000001108,Primidone 50mg tablets,0408010U0AAAXAX
AMP,37135011000001105,Primidone 50mg tablets,0408010U0AAAXAX
AMP,39181311000001108,Primidone 50mg tablets,0408010U0AAAXAX
AMP,23305911000001103,Primidone 50mg tablets,0408010U0AAAXAX
AMP,30854111000001109,Primidone 50mg tablets,0408010U0AAAXAX
VMP,8818211000001102,Primidone 50mg/5ml oral suspension,0408010U0AABABA
AMP,8808911000001108,Primidone 50mg/5ml oral suspension,0408010U0AABABA
VMP,8818311000001105,Primidone 62.5mg/5ml oral suspension,0408010U0AABBBB
AMP,8809511000001107,Primidone 62.5mg/5ml oral suspension,0408010U0AABBBB
AMP,11485111000001102,Primidone 250mg/5ml oral suspension,0408010U0AABCBC
AMP,87711000001100,Mysoline 250mg tablets,0408010U0BBAAAB
AMP,4548311000001102,Mysoline 250mg/5ml oral suspension,0408010U0BBABBC
AMP,18455311000001101,Mysoline 50mg tablets,0408010U0BBADAX
AMP,37322111000001107,Phenytoin 50mg chewable tablets,0408010Z0AAACAC
VMP,8817911000001105,Phenytoin 90mg/5ml oral suspension,0408010Z0AAALAL
AMP,8814411000001107,Phenytoin 90mg/5ml oral suspension,0408010Z0AAALAL
VMP,15632911000001103,Phenytoin 300mg/5ml oral solution,0408010Z0AABHBH
VMP,15633011000001106,Phenytoin 300mg/5ml oral suspension,0408010Z0AABHBH
AMP,15621611000001101,Phenytoin 300mg/5ml oral solution,0408010Z0AABHBH
AMP,15621911000001107,Phenytoin 300mg/5ml oral suspension,0408010Z0AABHBH
VMP,13893911000001100,Phenytoin 90mg/5ml oral solution,0408010Z0AABIBI
AMP,13891811000001106,Phenytoin 90mg/5ml oral solution,0408010Z0AABIBI
AMP,185711000001101,Epanutin 30mg/5ml oral suspension,0408010Z0BBAAAA
AMP,251711000001106,Epanutin Infatabs 50mg chewable tablets,0408010Z0BBABAC
AMP,37322611000001104,Dilantin Infatabs 50mg chewable tablets,0408010Z0BCAAAC
AMP,40119811000001104,Dilantin-30 suspension,0408010Z0BCABAA
VMP,36015611000001102,Phenytoin sodium 250mg/5ml solution for injection ampoules,0408020T0AAAAAA
AMP,4358511000001109,Phenytoin sodium 250mg/5ml solution for injection ampoules,0408020T0AAAAAA
AMP,10678211000001103,Phenytoin sodium 250mg/5ml solution for injection ampoules,0408020T0AAAAAA
AMP,4359111000001107,Phenytoin sodium 250mg/5ml solution for injection ampoules,0408020T0AAAAAA
AMP,13649111000001102,Phenytoin sodium 250mg/5ml solution for injection ampoules,0408020T0AAAAAA
AMP,35831611000001106,Phenytoin sodium 250mg/5ml solution for injection ampoules,0408020T0AAAAAA
AMP,23017611000001104,Phenytoin sodium 250mg/5ml solution for injection ampoules,0408020T0AAAAAA
AMP,4358711000001104,Phenytoin sodium 250mg/5ml solution for injection ampoules,0408020T0AAAAAA
AMP,4358911000001102,Epanutin Ready-Mixed Parenteral 250mg/5ml solution for injection ampoules,0408020T0BBAAAA
AMP,567711000001102,Rifampicin 150mg capsules,0501090R0AAAAAA
AMP,832011000001106,Rifampicin 150mg capsules,0501090R0AAAAAA
AMP,13583211000001107,Rifampicin 150mg capsules,0501090R0AAAAAA
AMP,392911000001101,Rifampicin 150mg capsules,0501090R0AAAAAA
AMP,39222611000001103,Rifampicin 150mg capsules,0501090R0AAAAAA
AMP,100111000001109,Rifampicin 150mg capsules,0501090R0AAAAAA
AMP,21880811000001106,Rifampicin 150mg capsules,0501090R0AAAAAA
AMP,406611000001100,Rifampicin 300mg capsules,0501090R0AAABAB
AMP,177711000001103,Rifampicin 300mg capsules,0501090R0AAABAB
AMP,30089711000001103,Rifampicin 300mg capsules,0501090R0AAABAB
AMP,487111000001107,Rifampicin 300mg capsules,0501090R0AAABAB
AMP,39222411000001101,Rifampicin 300mg capsules,0501090R0AAABAB
AMP,15185711000001104,Rifampicin 300mg capsules,0501090R0AAABAB
AMP,261211000001105,Rifampicin 300mg capsules,0501090R0AAABAB
VMP,35934511000001102,Rifampicin 600mg powder and solvent for solution for infusion vials,0501090R0AAADAD
VMP,35934411000001101,Rifampicin 100mg/5ml oral suspension,0501090R0AAAFAF
VMP,13372911000001104,Rifampicin 150mg/5ml oral solution,0501090R0AAAKAK
VMP,13373011000001107,Rifampicin 150mg/5ml oral suspension,0501090R0AAAKAK
AMP,13370411000001106,Rifampicin 150mg/5ml oral solution,0501090R0AAAKAK
AMP,13368411000001101,Rifampicin 150mg/5ml oral suspension,0501090R0AAAKAK
VMP,13372711000001101,Rifampicin 120mg/5ml oral solution,0501090R0AAAMAM
VMP,13372811000001109,Rifampicin 120mg/5ml oral suspension,0501090R0AAAMAM
AMP,13370111000001101,Rifampicin 120mg/5ml oral solution,0501090R0AAAMAM
AMP,13368111000001106,Rifampicin 120mg/5ml oral suspension,0501090R0AAAMAM
VMP,13373111000001108,Rifampicin 200mg/5ml oral solution,0501090R0AAANAN
VMP,13373211000001102,Rifampicin 200mg/5ml oral suspension,0501090R0AAANAN
AMP,13370711000001100,Rifampicin 200mg/5ml oral solution,0501090R0AAANAN
AMP,13368711000001107,Rifampicin 200mg/5ml oral suspension,0501090R0AAANAN
VMP,13373511000001104,Rifampicin 300mg/5ml oral solution,0501090R0AAAPAP
VMP,13373611000001100,Rifampicin 300mg/5ml oral suspension,0501090R0AAAPAP
AMP,13371311000001109,Rifampicin 300mg/5ml oral solution,0501090R0AAAPAP
AMP,13369511000001108,Rifampicin 300mg/5ml oral suspension,0501090R0AAAPAP
VMP,13373311000001105,Rifampicin 30.5mg/5ml oral solution,0501090R0AAAQAQ
VMP,13373411000001103,Rifampicin 30.5mg/5ml oral suspension,0501090R0AAAQAQ
AMP,13371011000001106,Rifampicin 30.5mg/5ml oral solution,0501090R0AAAQAQ
AMP,13369111000001104,Rifampicin 30.5mg/5ml oral suspension,0501090R0AAAQAQ
VMP,13373711000001109,Rifampicin 480mg/5ml oral solution,0501090R0AAARAR
VMP,13373811000001101,Rifampicin 480mg/5ml oral suspension,0501090R0AAARAR
AMP,13371611000001104,Rifampicin 480mg/5ml oral solution,0501090R0AAARAR
AMP,13369811000001106,Rifampicin 480mg/5ml oral suspension,0501090R0AAARAR
VMP,13532611000001105,Rifampicin 210mg/5ml oral solution,0501090R0AAAUAU
VMP,13532711000001101,Rifampicin 210mg/5ml oral suspension,0501090R0AAAUAU
AMP,13527211000001109,Rifampicin 210mg/5ml oral solution,0501090R0AAAUAU
AMP,13527611000001106,Rifampicin 210mg/5ml oral suspension,0501090R0AAAUAU
AMP,189211000001106,Rifadin 150mg capsules,0501090R0BBAAAA
AMP,457911000001104,Rifadin 300mg capsules,0501090R0BBABAB
AMP,217011000001109,Rifadin 100mg/5ml syrup,0501090R0BBACAF
AMP,4401611000001102,Rifadin 600mg powder and solvent for solution for infusion vials,0501090R0BBAEAD
AMP,662111000001106,Rimactane 150mg capsules,0501090R0BCAAAA
AMP,816311000001104,Rimactane 300mg capsules,0501090R0BCABAB
AMP,497511000001104,Rimactane 100mg/5ml syrup,0501090R0BCACAF
AMP,783811000001103,Rifinah 150mg/100mg tablets,0501090S0BBAAAA
AMP,489211000001107,Rifinah 300mg/150mg tablets,0501090S0BBABAB
AMP,831911000001104,Rimactazid 150 tablets,0501090S0BCAAAA
AMP,432711000001104,Rimactazid 300 tablets,0501090S0BCABAB
AMP,266211000001102,Rifater tablets,0501090S0BDAAAC
VMP,21733111000001101,Generic Voractiv tablets,0501090S0BEAAA0
AMP,21719811000001102,Voractiv tablets,0501090S0BEAAA0
VMP,36064611000001102,Ergometrine 500micrograms/1ml solution for injection ampoules,0701010L0AAAAAA
AMP,4531511000001102,Ergometrine 500micrograms/1ml solution for injection ampoules,0701010L0AAAAAA
AMP,5085711000001108,Ergometrine 500micrograms/1ml solution for injection ampoules,0701010L0AAAAAA
AMP,4115911000001108,Ergometrine 500microgram tablets,0701010L0AAACAC
AMP,4116211000001105,Ergometrine 500microgram tablets,0701010L0AAACAC
AMP,9052811000001108,Ergometrine 500microgram tablets,0701010L0AAACAC
VMP,36064511000001101,Ergometrine 500micrograms/1ml / Oxytocin 5units/1ml solution for injection ampoules,0701010T0AAAFAF
AMP,41395211000001101,Bexarotene 75mg capsules,0801050ABAAAAAA
AMP,41459011000001108,Bexarotene 75mg capsules,0801050ABAAAAAA
AMP,4329311000001108,Targretin 75mg capsules,0801050ABBBAAAA
AMP,40322811000001108,Sorafenib 200mg tablets,0801050AJAAAAAA
AMP,40198111000001100,Sorafenib 200mg tablets,0801050AJAAAAAA
AMP,39802011000001106,Sorafenib 200mg tablets,0801050AJAAAAAA
AMP,10685111000001105,Nexavar 200mg tablets,0801050AJBBAAAA
AMP,23269311000001106,Stivarga 40mg tablets,0801050BNBBAAAA
AMP,9467311000001101,Lysodren 500mg tablets,0801050R0BBAAAA
AMP,23070511000001108,Tafinlar 50mg capsules,0802040AIBBAAAA
AMP,23070811000001106,Tafinlar 75mg capsules,0802040AIBBABAB
AMP,4124011000001100,Fareston 60mg tablets,0803041U0BBAAAA
VMP,37752511000001101,Enzalutamide 40mg tablets,0803042U0AAABAB
AMP,22644411000001101,Xtandi 40mg capsules,0803042U0BBAAAA
AMP,37570911000001105,Xtandi 40mg tablets,0803042U0BBABAB
VMP,36786711000001103,Apalutamide 60mg tablets,0803042V0AAAAAA
AMP,36746211000001100,Erleada 60mg tablets,0803042V0BBAAAA
VMP,7875711000001100,St. John's wort tablets,091200000AAFUFU
AMP,7878311000001108,Kira St. John's wort tablets,091200000BCUFFU
AMP,17308511000001109,Solgar St. John's wort extract 175mg capsules,091200000BDGVA0
AMP,7861211000001101,Quest St. John's wort extract 333mg tablets,091200000BDIUFU
AMP,7867711000001104,Boots St. John's wort 300mg tablets,091200000BDMVFU
AMP,7873211000001108,HealthAid St. John's wort tablets,091200000BDNBFU
AMP,7878611000001103,Kira GoodMood St. John's wort tablets,091200000BDNJFU
AMP,10312211000001102,Natures Aid St. John's wort extract 333mg tablets,091200000BDPLFU
AMP,10317011000001109,Vega St. John's wort 333-Complex capsules,091200000BDQVA0
AMP,7883011000001105,Power Health St. John's wort Hyperpower HPX 4000 capsules,091200000BDUQA0
AMP,16428811000001108,Hyperiforce St. John's wort tablets,091200000BDVAFU
AMP,10315211000001107,Solgar St. John's wort extract 300mg capsules,091200000BDVGA0
AMP,7891111000001109,Numark St. John's wort extract 333mg tablets,091200000BDWBFU
AMP,11585211000001103,Premier St. John's wort 333mg tablets,091200000BDYFFU
AMP,10313711000001101,Natures Aid St. John's wort extract 500mg tablets,091200000BEAKFU
AMP,10922511000001102,Lloydspharmacy St. John's wort tablets,091200000BEKKFU
AMP,17320311000001107,NatraHerb St. John's wort 334mg tablets,091200000BETAFU
AMP,7892211000001105,Lamberts St. John's wort tablets,091200000BEWCFU
AMP,7881511000001101,Valupak St. John's wort tablets,091200000BEYEFU
AMP,7882211000001106,Power Health St. John's wort 334mg tablets,091200000BFCXFU
AMP,7873611000001105,Tesco St. John's wort 170mg tablets,091200000BFDGFU
AMP,7872711000001109,HealthAid Mega St. John's wort 1200microgram tablets,091200000BFKAFU
AMP,7856111000001105,Superdrug St. John's wort 340mg tablets,091200000BFKEFU
AMP,18094411000001106,HealthAid St. John's wort 900mg capsules,091200000BFQQA0
AMP,24671111000001102,Higher Nature St. John's wort Mood Uplift tablets,091200000BFRZFU
AMP,28879311000001109,Ucalm St. John's wort 300mg tablets,091200000BFSKFU
VMP,4317711000001109,Phenobarbital sodium powder,190400000AAMKMK
AMP,4302011000001107,Phenobarbital sodium powder,190400000AAMKMK
VMP,7904011000001102,St. John's wort liquid,190606000BCSZA0
AMP,7893311000001107,St. John's wort herb tincture,190606000BCSZA0
